﻿<LinkSources version="1.02">
  <page ID="91063686-E491-4C90-9812-31C9BD5AAF0B">
    <linkSource sourcePageID="91063686-E491-4C90-9812-31C9BD5AAF0B" comID="2B4007FD-BAFC-447E-AC9E-E8E003064EA7" comLinkType="cltPageLink"/>
    <linkSource sourcePageID="9220A8DE-9A33-4FAF-AB1A-8BC2A63CCA4A" comID="DB8ED3B2-F34B-4574-BF00-7CA9FBD2AA3A" comLinkType="cltPageLink"/>
    <linkSource sourcePageID="237B5A95-3827-4A99-B203-42AE70D9D605" comID="267D5C04-5846-4889-80F9-528997C0CCAB" comLinkType="cltPageLink"/>
    <linkSource sourcePageID="245086FF-F384-4D25-B704-4E961EF18FF9" comID="35CF250F-9D6A-4853-8879-328A6DD68D36" comLinkType="cltPageLink"/>
    <linkSource sourcePageID="245086FF-F384-4D25-B704-4E961EF18FF9" comID="11E6A1CB-D1CB-46E3-92A6-4ECEF2C2955D" comLinkType="cltPageLink"/>
    <linkSource sourcePageID="842134DB-8C46-4A7E-A2DC-B159950832E1" comID="179E1AC7-974E-438A-B2A6-3FE7790D0BAB" comLinkType="cltPageLink"/>
    <linkSource sourcePageID="B2828CC3-9432-4094-9C82-E13ADC4D7938" comID="C54AA619-8611-455E-971E-9D822876064A" comLinkType="cltPageLink"/>
  </page>
  <page ID="9220A8DE-9A33-4FAF-AB1A-8BC2A63CCA4A">
    <linkSource sourcePageID="91063686-E491-4C90-9812-31C9BD5AAF0B" comID="2B4007FD-BAFC-447E-AC9E-E8E003064EA7" comLinkType="cltPageLink"/>
    <linkSource sourcePageID="9220A8DE-9A33-4FAF-AB1A-8BC2A63CCA4A" comID="DB8ED3B2-F34B-4574-BF00-7CA9FBD2AA3A" comLinkType="cltPageLink"/>
    <linkSource sourcePageID="237B5A95-3827-4A99-B203-42AE70D9D605" comID="267D5C04-5846-4889-80F9-528997C0CCAB" comLinkType="cltPageLink"/>
    <linkSource sourcePageID="245086FF-F384-4D25-B704-4E961EF18FF9" comID="35CF250F-9D6A-4853-8879-328A6DD68D36" comLinkType="cltPageLink"/>
    <linkSource sourcePageID="245086FF-F384-4D25-B704-4E961EF18FF9" comID="11E6A1CB-D1CB-46E3-92A6-4ECEF2C2955D" comLinkType="cltPageLink"/>
    <linkSource sourcePageID="842134DB-8C46-4A7E-A2DC-B159950832E1" comID="179E1AC7-974E-438A-B2A6-3FE7790D0BAB" comLinkType="cltPageLink"/>
  </page>
  <page ID="237B5A95-3827-4A99-B203-42AE70D9D605">
    <linkSource sourcePageID="237B5A95-3827-4A99-B203-42AE70D9D605" comID="267D5C04-5846-4889-80F9-528997C0CCAB" comLinkType="cltPageLink"/>
    <linkSource sourcePageID="245086FF-F384-4D25-B704-4E961EF18FF9" comID="35CF250F-9D6A-4853-8879-328A6DD68D36" comLinkType="cltPageLink"/>
    <linkSource sourcePageID="245086FF-F384-4D25-B704-4E961EF18FF9" comID="11E6A1CB-D1CB-46E3-92A6-4ECEF2C2955D" comLinkType="cltPageLink"/>
    <linkSource sourcePageID="91063686-E491-4C90-9812-31C9BD5AAF0B" comID="2B4007FD-BAFC-447E-AC9E-E8E003064EA7" comLinkType="cltPageLink"/>
    <linkSource sourcePageID="842134DB-8C46-4A7E-A2DC-B159950832E1" comID="179E1AC7-974E-438A-B2A6-3FE7790D0BAB" comLinkType="cltPageLink"/>
    <linkSource sourcePageID="9220A8DE-9A33-4FAF-AB1A-8BC2A63CCA4A" comID="DB8ED3B2-F34B-4574-BF00-7CA9FBD2AA3A" comLinkType="cltPageLink"/>
  </page>
  <page ID="245086FF-F384-4D25-B704-4E961EF18FF9">
    <linkSource sourcePageID="245086FF-F384-4D25-B704-4E961EF18FF9" comID="35CF250F-9D6A-4853-8879-328A6DD68D36" comLinkType="cltPageLink"/>
    <linkSource sourcePageID="245086FF-F384-4D25-B704-4E961EF18FF9" comID="11E6A1CB-D1CB-46E3-92A6-4ECEF2C2955D" comLinkType="cltPageLink"/>
    <linkSource sourcePageID="91063686-E491-4C90-9812-31C9BD5AAF0B" comID="2B4007FD-BAFC-447E-AC9E-E8E003064EA7" comLinkType="cltPageLink"/>
    <linkSource sourcePageID="9220A8DE-9A33-4FAF-AB1A-8BC2A63CCA4A" comID="DB8ED3B2-F34B-4574-BF00-7CA9FBD2AA3A" comLinkType="cltPageLink"/>
    <linkSource sourcePageID="237B5A95-3827-4A99-B203-42AE70D9D605" comID="267D5C04-5846-4889-80F9-528997C0CCAB" comLinkType="cltPageLink"/>
  </page>
  <page ID="4C4AFD60-8A3E-48B3-94A4-8B52D821C0D6">
    <linkSource sourcePageID="5DB69857-629B-4282-AD86-0EBAC8F0983B" comID="4EB3F32D-A8C0-47B4-8809-1B977DD76624" comLinkType="cltPageLink"/>
    <linkSource sourcePageID="4C4AFD60-8A3E-48B3-94A4-8B52D821C0D6" comID="B5A705B6-4171-4916-B3DB-F4E30261C87B" comLinkType="cltPageLink"/>
    <linkSource sourcePageID="62545555-8E24-40ED-9590-990C5EACEBED" comID="B5A705B6-4171-4916-B3DB-F4E30261C87B" comLinkType="cltPageLink"/>
    <linkSource sourcePageID="9F6B1DCF-CE02-44EC-AEBD-C7FD3FEAADDF" comID="0E6D7BDB-CD8E-4378-A63D-3DE4CC59B802" comLinkType="cltPageLink"/>
    <linkSource sourcePageID="1B793C56-EBD9-46E2-B07C-8696BE6B98BB" comID="4EB3F32D-A8C0-47B4-8809-1B977DD76624" comLinkType="cltPageLink"/>
    <linkSource sourcePageID="91063686-E491-4C90-9812-31C9BD5AAF0B" comID="53EEFE14-52F3-494D-A0DC-AB6A33EF3F32" comLinkType="cltPageLink"/>
  </page>
  <page ID="62545555-8E24-40ED-9590-990C5EACEBED">
    <linkSource sourcePageID="5DB69857-629B-4282-AD86-0EBAC8F0983B" comID="4EB3F32D-A8C0-47B4-8809-1B977DD76624" comLinkType="cltPageLink"/>
    <linkSource sourcePageID="4C4AFD60-8A3E-48B3-94A4-8B52D821C0D6" comID="B5A705B6-4171-4916-B3DB-F4E30261C87B" comLinkType="cltPageLink"/>
    <linkSource sourcePageID="62545555-8E24-40ED-9590-990C5EACEBED" comID="B5A705B6-4171-4916-B3DB-F4E30261C87B" comLinkType="cltPageLink"/>
    <linkSource sourcePageID="9F6B1DCF-CE02-44EC-AEBD-C7FD3FEAADDF" comID="0E6D7BDB-CD8E-4378-A63D-3DE4CC59B802" comLinkType="cltPageLink"/>
    <linkSource sourcePageID="1B793C56-EBD9-46E2-B07C-8696BE6B98BB" comID="4EB3F32D-A8C0-47B4-8809-1B977DD76624" comLinkType="cltPageLink"/>
    <linkSource sourcePageID="91063686-E491-4C90-9812-31C9BD5AAF0B" comID="53EEFE14-52F3-494D-A0DC-AB6A33EF3F32" comLinkType="cltPageLink"/>
  </page>
  <page ID="9F6B1DCF-CE02-44EC-AEBD-C7FD3FEAADDF">
    <linkSource sourcePageID="5DB69857-629B-4282-AD86-0EBAC8F0983B" comID="4EB3F32D-A8C0-47B4-8809-1B977DD76624" comLinkType="cltPageLink"/>
    <linkSource sourcePageID="4C4AFD60-8A3E-48B3-94A4-8B52D821C0D6" comID="B5A705B6-4171-4916-B3DB-F4E30261C87B" comLinkType="cltPageLink"/>
    <linkSource sourcePageID="62545555-8E24-40ED-9590-990C5EACEBED" comID="B5A705B6-4171-4916-B3DB-F4E30261C87B" comLinkType="cltPageLink"/>
    <linkSource sourcePageID="9F6B1DCF-CE02-44EC-AEBD-C7FD3FEAADDF" comID="0E6D7BDB-CD8E-4378-A63D-3DE4CC59B802" comLinkType="cltPageLink"/>
    <linkSource sourcePageID="1B793C56-EBD9-46E2-B07C-8696BE6B98BB" comID="4EB3F32D-A8C0-47B4-8809-1B977DD76624" comLinkType="cltPageLink"/>
    <linkSource sourcePageID="D8D2A0DF-E082-4DF9-8E31-CDC671B65327" comID="8DC00DFB-36D1-4967-BAF3-64AD8E5A707E" comLinkType="cltPageLink"/>
  </page>
  <page ID="5DB69857-629B-4282-AD86-0EBAC8F0983B">
    <linkSource sourcePageID="5DB69857-629B-4282-AD86-0EBAC8F0983B" comID="4EB3F32D-A8C0-47B4-8809-1B977DD76624" comLinkType="cltPageLink"/>
    <linkSource sourcePageID="4C4AFD60-8A3E-48B3-94A4-8B52D821C0D6" comID="B5A705B6-4171-4916-B3DB-F4E30261C87B" comLinkType="cltPageLink"/>
    <linkSource sourcePageID="62545555-8E24-40ED-9590-990C5EACEBED" comID="B5A705B6-4171-4916-B3DB-F4E30261C87B" comLinkType="cltPageLink"/>
    <linkSource sourcePageID="9F6B1DCF-CE02-44EC-AEBD-C7FD3FEAADDF" comID="0E6D7BDB-CD8E-4378-A63D-3DE4CC59B802" comLinkType="cltPageLink"/>
  </page>
  <page ID="1B793C56-EBD9-46E2-B07C-8696BE6B98BB">
    <linkSource sourcePageID="1B793C56-EBD9-46E2-B07C-8696BE6B98BB" comID="4EB3F32D-A8C0-47B4-8809-1B977DD76624" comLinkType="cltPageLink"/>
    <linkSource sourcePageID="4C4AFD60-8A3E-48B3-94A4-8B52D821C0D6" comID="B5A705B6-4171-4916-B3DB-F4E30261C87B" comLinkType="cltPageLink"/>
    <linkSource sourcePageID="62545555-8E24-40ED-9590-990C5EACEBED" comID="B5A705B6-4171-4916-B3DB-F4E30261C87B" comLinkType="cltPageLink"/>
    <linkSource sourcePageID="9F6B1DCF-CE02-44EC-AEBD-C7FD3FEAADDF" comID="0E6D7BDB-CD8E-4378-A63D-3DE4CC59B802" comLinkType="cltPageLink"/>
    <linkSource sourcePageID="5DB69857-629B-4282-AD86-0EBAC8F0983B" comID="4EB3F32D-A8C0-47B4-8809-1B977DD76624" comLinkType="cltPageLink"/>
    <linkSource sourcePageID="FA499CA4-330D-4DBE-84D7-5FB041A3AFA5" comID="E391E7D1-2F59-4C9A-BAAC-291A449F8F23" comLinkType="cltPageLink"/>
    <linkSource sourcePageID="91063686-E491-4C90-9812-31C9BD5AAF0B" comID="EE0B054F-5221-4254-90AC-864722F3C4A4" comLinkType="cltPageLink"/>
    <linkSource sourcePageID="F3014A0C-4BBB-45EE-8295-347CD65D5715" comID="E391E7D1-2F59-4C9A-BAAC-291A449F8F23" comLinkType="cltPageLink"/>
  </page>
  <page ID="460CABED-8B68-492A-9A2F-8F4D6F82AB8E">
    <linkSource sourcePageID="91063686-E491-4C90-9812-31C9BD5AAF0B" comID="53EEFE14-52F3-494D-A0DC-AB6A33EF3F32" comLinkType="cltPageLink"/>
    <linkSource sourcePageID="9584409A-19E5-41A0-A164-CE0A65A8983B" comID="EC9321EB-CC5B-4E14-9E0B-8A605C4E384B" comLinkType="cltPageLink"/>
    <linkSource sourcePageID="9584409A-19E5-41A0-A164-CE0A65A8983B" comID="25236880-BA08-4DDC-8C51-021C72E43453" comLinkType="cltPageLink"/>
  </page>
  <page ID="A381E5E2-45C7-4936-9654-83AD16882CA6">
    <linkSource sourcePageID="91063686-E491-4C90-9812-31C9BD5AAF0B" comID="53EEFE14-52F3-494D-A0DC-AB6A33EF3F32" comLinkType="cltPageLink"/>
    <linkSource sourcePageID="4C4AFD60-8A3E-48B3-94A4-8B52D821C0D6" comID="8130B740-29E0-421C-855D-F21351E0C651" comLinkType="cltPageLink"/>
    <linkSource sourcePageID="4C4AFD60-8A3E-48B3-94A4-8B52D821C0D6" comID="45164788-BDA9-49E1-9DFC-E2E994070A8A" comLinkType="cltPageLink"/>
  </page>
  <page ID="D3CBA8D7-60CA-4665-AC84-A189221132A0">
    <linkSource sourcePageID="91063686-E491-4C90-9812-31C9BD5AAF0B" comID="53EEFE14-52F3-494D-A0DC-AB6A33EF3F32" comLinkType="cltPageLink"/>
    <linkSource sourcePageID="4C4AFD60-8A3E-48B3-94A4-8B52D821C0D6" comID="8130B740-29E0-421C-855D-F21351E0C651" comLinkType="cltPageLink"/>
  </page>
  <page ID="9584409A-19E5-41A0-A164-CE0A65A8983B">
    <linkSource sourcePageID="91063686-E491-4C90-9812-31C9BD5AAF0B" comID="53EEFE14-52F3-494D-A0DC-AB6A33EF3F32" comLinkType="cltPageLink"/>
    <linkSource sourcePageID="4C4AFD60-8A3E-48B3-94A4-8B52D821C0D6" comID="8130B740-29E0-421C-855D-F21351E0C651" comLinkType="cltPageLink"/>
  </page>
  <page ID="1F5344B9-7E6B-4C4C-A549-51B039A3CD7D">
    <linkSource sourcePageID="9584409A-19E5-41A0-A164-CE0A65A8983B" comID="E0A91CE4-C77F-4084-B7D8-EBE19413EFD8" comLinkType="cltPageLink"/>
  </page>
  <page ID="2F869496-7AD4-4432-9D92-AFE1289809E1">
    <linkSource sourcePageID="9584409A-19E5-41A0-A164-CE0A65A8983B" comID="05FD1CA7-33A1-4777-A22E-BC215382DA23" comLinkType="cltPageLink"/>
  </page>
  <page ID="6D86FEBE-A5A4-492C-B8AC-3BB12F586B19">
    <linkSource sourcePageID="9584409A-19E5-41A0-A164-CE0A65A8983B" comID="F78CFD0F-04F4-460B-A116-18FEF8B5DD4D" comLinkType="cltPageLink"/>
  </page>
  <page ID="54B3FCF1-DF94-4DA8-9E2F-A81790968D8E">
    <linkSource sourcePageID="9584409A-19E5-41A0-A164-CE0A65A8983B" comID="D0F7212B-45CD-4A59-BAC7-315192B6B00E" comLinkType="cltPageLink"/>
  </page>
  <page ID="7E715758-47C4-44B6-AC76-84A43347BD8F">
    <linkSource sourcePageID="91063686-E491-4C90-9812-31C9BD5AAF0B" comID="53EEFE14-52F3-494D-A0DC-AB6A33EF3F32" comLinkType="cltPageLink"/>
    <linkSource sourcePageID="4C4AFD60-8A3E-48B3-94A4-8B52D821C0D6" comID="8130B740-29E0-421C-855D-F21351E0C651" comLinkType="cltPageLink"/>
  </page>
  <page ID="78420F38-F72B-4EFA-8D38-1899027022D6">
    <linkSource sourcePageID="7E715758-47C4-44B6-AC76-84A43347BD8F" comID="7E2D4E0C-0B75-49DF-83E8-0C27B1E4C069" comLinkType="cltPageLink"/>
  </page>
  <page ID="FA499CA4-330D-4DBE-84D7-5FB041A3AFA5">
    <linkSource sourcePageID="FA499CA4-330D-4DBE-84D7-5FB041A3AFA5" comID="E391E7D1-2F59-4C9A-BAAC-291A449F8F23" comLinkType="cltPageLink"/>
    <linkSource sourcePageID="91063686-E491-4C90-9812-31C9BD5AAF0B" comID="53EEFE14-52F3-494D-A0DC-AB6A33EF3F32" comLinkType="cltPageLink"/>
    <linkSource sourcePageID="F3014A0C-4BBB-45EE-8295-347CD65D5715" comID="E391E7D1-2F59-4C9A-BAAC-291A449F8F23" comLinkType="cltPageLink"/>
    <linkSource sourcePageID="BEB5647D-10D6-40E6-A5A4-2D12B70B94A0" comID="E391E7D1-2F59-4C9A-BAAC-291A449F8F23" comLinkType="cltPageLink"/>
    <linkSource sourcePageID="3AD73DF3-3F11-4565-BB58-803AA8DA690D" comID="E391E7D1-2F59-4C9A-BAAC-291A449F8F23" comLinkType="cltPageLink"/>
    <linkSource sourcePageID="BD6C6D2A-BE4A-43F5-8BA7-26AFF38B3189" comID="E391E7D1-2F59-4C9A-BAAC-291A449F8F23" comLinkType="cltPageLink"/>
    <linkSource sourcePageID="CC675418-A0DF-41C0-AFB0-2566B8FEEA40" comID="CE29537C-C982-4B4C-9E42-49A58E5A315B" comLinkType="cltPageLink"/>
    <linkSource sourcePageID="D8D2A0DF-E082-4DF9-8E31-CDC671B65327" comID="9985D929-0843-4E10-9244-2A0851B58013" comLinkType="cltPageLink"/>
  </page>
  <page ID="F3014A0C-4BBB-45EE-8295-347CD65D5715">
    <linkSource sourcePageID="FA499CA4-330D-4DBE-84D7-5FB041A3AFA5" comID="E391E7D1-2F59-4C9A-BAAC-291A449F8F23" comLinkType="cltPageLink"/>
    <linkSource sourcePageID="91063686-E491-4C90-9812-31C9BD5AAF0B" comID="4818C977-A54F-4A46-BECC-F304B0259BE2" comLinkType="cltPageLink"/>
    <linkSource sourcePageID="F3014A0C-4BBB-45EE-8295-347CD65D5715" comID="E391E7D1-2F59-4C9A-BAAC-291A449F8F23" comLinkType="cltPageLink"/>
    <linkSource sourcePageID="F3014A0C-4BBB-45EE-8295-347CD65D5715" comID="8052EE86-4D3D-47CA-A9E5-DC218A06E5BA" comLinkType="cltPageLink"/>
    <linkSource sourcePageID="BEB5647D-10D6-40E6-A5A4-2D12B70B94A0" comID="8052EE86-4D3D-47CA-A9E5-DC218A06E5BA" comLinkType="cltPageLink"/>
    <linkSource sourcePageID="3AD73DF3-3F11-4565-BB58-803AA8DA690D" comID="8052EE86-4D3D-47CA-A9E5-DC218A06E5BA" comLinkType="cltPageLink"/>
    <linkSource sourcePageID="BEB5647D-10D6-40E6-A5A4-2D12B70B94A0" comID="E391E7D1-2F59-4C9A-BAAC-291A449F8F23" comLinkType="cltPageLink"/>
    <linkSource sourcePageID="3AD73DF3-3F11-4565-BB58-803AA8DA690D" comID="E391E7D1-2F59-4C9A-BAAC-291A449F8F23" comLinkType="cltPageLink"/>
    <linkSource sourcePageID="BD6C6D2A-BE4A-43F5-8BA7-26AFF38B3189" comID="E391E7D1-2F59-4C9A-BAAC-291A449F8F23" comLinkType="cltPageLink"/>
    <linkSource sourcePageID="BD6C6D2A-BE4A-43F5-8BA7-26AFF38B3189" comID="8052EE86-4D3D-47CA-A9E5-DC218A06E5BA" comLinkType="cltPageLink"/>
    <linkSource sourcePageID="CC675418-A0DF-41C0-AFB0-2566B8FEEA40" comID="CE29537C-C982-4B4C-9E42-49A58E5A315B" comLinkType="cltPageLink"/>
    <linkSource sourcePageID="D8D2A0DF-E082-4DF9-8E31-CDC671B65327" comID="9985D929-0843-4E10-9244-2A0851B58013" comLinkType="cltPageLink"/>
  </page>
  <page ID="BEB5647D-10D6-40E6-A5A4-2D12B70B94A0">
    <linkSource sourcePageID="F3014A0C-4BBB-45EE-8295-347CD65D5715" comID="E391E7D1-2F59-4C9A-BAAC-291A449F8F23" comLinkType="cltPageLink"/>
    <linkSource sourcePageID="F3014A0C-4BBB-45EE-8295-347CD65D5715" comID="8052EE86-4D3D-47CA-A9E5-DC218A06E5BA" comLinkType="cltPageLink"/>
    <linkSource sourcePageID="BEB5647D-10D6-40E6-A5A4-2D12B70B94A0" comID="8052EE86-4D3D-47CA-A9E5-DC218A06E5BA" comLinkType="cltPageLink"/>
    <linkSource sourcePageID="3AD73DF3-3F11-4565-BB58-803AA8DA690D" comID="8052EE86-4D3D-47CA-A9E5-DC218A06E5BA" comLinkType="cltPageLink"/>
    <linkSource sourcePageID="BD6C6D2A-BE4A-43F5-8BA7-26AFF38B3189" comID="8052EE86-4D3D-47CA-A9E5-DC218A06E5BA" comLinkType="cltPageLink"/>
  </page>
  <page ID="3AD73DF3-3F11-4565-BB58-803AA8DA690D">
    <linkSource sourcePageID="F3014A0C-4BBB-45EE-8295-347CD65D5715" comID="8052EE86-4D3D-47CA-A9E5-DC218A06E5BA" comLinkType="cltPageLink"/>
    <linkSource sourcePageID="BEB5647D-10D6-40E6-A5A4-2D12B70B94A0" comID="8052EE86-4D3D-47CA-A9E5-DC218A06E5BA" comLinkType="cltPageLink"/>
    <linkSource sourcePageID="3AD73DF3-3F11-4565-BB58-803AA8DA690D" comID="8052EE86-4D3D-47CA-A9E5-DC218A06E5BA" comLinkType="cltPageLink"/>
    <linkSource sourcePageID="BD6C6D2A-BE4A-43F5-8BA7-26AFF38B3189" comID="8052EE86-4D3D-47CA-A9E5-DC218A06E5BA" comLinkType="cltPageLink"/>
  </page>
  <page ID="BD6C6D2A-BE4A-43F5-8BA7-26AFF38B3189">
    <linkSource sourcePageID="91063686-E491-4C90-9812-31C9BD5AAF0B" comID="A97523B1-873D-4A5F-B58D-C0E5581DFD2F" comLinkType="cltPageLink"/>
    <linkSource sourcePageID="F3014A0C-4BBB-45EE-8295-347CD65D5715" comID="8052EE86-4D3D-47CA-A9E5-DC218A06E5BA" comLinkType="cltPageLink"/>
    <linkSource sourcePageID="BEB5647D-10D6-40E6-A5A4-2D12B70B94A0" comID="8052EE86-4D3D-47CA-A9E5-DC218A06E5BA" comLinkType="cltPageLink"/>
    <linkSource sourcePageID="3AD73DF3-3F11-4565-BB58-803AA8DA690D" comID="8052EE86-4D3D-47CA-A9E5-DC218A06E5BA" comLinkType="cltPageLink"/>
    <linkSource sourcePageID="BD6C6D2A-BE4A-43F5-8BA7-26AFF38B3189" comID="8052EE86-4D3D-47CA-A9E5-DC218A06E5BA" comLinkType="cltPageLink"/>
  </page>
  <page ID="C8F6E9B8-A67F-4C6B-95D1-93C18AF40E2E">
    <linkSource sourcePageID="BD6C6D2A-BE4A-43F5-8BA7-26AFF38B3189" comID="24A9A01D-8531-4969-9FBC-F9D82D174B30" comLinkType="cltPageLink"/>
  </page>
  <page ID="9EEE38B6-E477-4197-8533-16AFEFAF93BE">
    <linkSource sourcePageID="BD6C6D2A-BE4A-43F5-8BA7-26AFF38B3189" comID="93847DC8-E234-4208-B2FD-018B6F891F33" comLinkType="cltPageLink"/>
  </page>
  <page ID="171A94E3-CFC6-4D39-A8DD-7D0EB258A65A">
    <linkSource sourcePageID="BD6C6D2A-BE4A-43F5-8BA7-26AFF38B3189" comID="F28F8882-742A-4D1E-9B86-327473B5B17D" comLinkType="cltPageLink"/>
  </page>
  <page ID="1E5371BE-9B52-43A5-86C6-90B0632BDCF5">
    <linkSource sourcePageID="BD6C6D2A-BE4A-43F5-8BA7-26AFF38B3189" comID="6B06DDD3-9796-495E-B152-D80FA3715934" comLinkType="cltPageLink"/>
  </page>
  <page ID="842134DB-8C46-4A7E-A2DC-B159950832E1">
    <linkSource sourcePageID="BD6C6D2A-BE4A-43F5-8BA7-26AFF38B3189" comID="82424AD4-051B-4238-962B-96043A3BED57" comLinkType="cltPageLink"/>
  </page>
  <page ID="13EB0B3D-5AB7-418D-B9CD-9BD14BD18F35">
    <linkSource sourcePageID="BD6C6D2A-BE4A-43F5-8BA7-26AFF38B3189" comID="3865535A-429F-4CC7-B34D-B6F0F24E91D2" comLinkType="cltPageLink"/>
  </page>
  <page ID="ADDA050E-509F-4C07-BD94-36CD4AD03202">
    <linkSource sourcePageID="BD6C6D2A-BE4A-43F5-8BA7-26AFF38B3189" comID="FA101ABC-CA56-4015-843E-0B8BB02A7DD4" comLinkType="cltPageLink"/>
    <linkSource sourcePageID="91063686-E491-4C90-9812-31C9BD5AAF0B" comID="765BE0D9-6E60-4AC6-82AC-169E9446AF4C" comLinkType="cltPageLink"/>
  </page>
  <page ID="F13A7040-007A-4EA4-9E0E-0D4E7FCD2E4E">
    <linkSource sourcePageID="BD6C6D2A-BE4A-43F5-8BA7-26AFF38B3189" comID="DC5E25CF-AB47-4CDA-A484-C8A0E3748C43" comLinkType="cltPageLink"/>
    <linkSource sourcePageID="F3014A0C-4BBB-45EE-8295-347CD65D5715" comID="8052EE86-4D3D-47CA-A9E5-DC218A06E5BA" comLinkType="cltPageLink"/>
  </page>
  <page ID="3FBAD0CD-64F3-45EC-AC2C-8393AC71E0E1">
    <linkSource sourcePageID="BD6C6D2A-BE4A-43F5-8BA7-26AFF38B3189" comID="98864A1F-A8EC-474F-8301-03AE5D517671" comLinkType="cltPageLink"/>
  </page>
  <page ID="D8D2A0DF-E082-4DF9-8E31-CDC671B65327">
    <linkSource sourcePageID="F3014A0C-4BBB-45EE-8295-347CD65D5715" comID="E391E7D1-2F59-4C9A-BAAC-291A449F8F23" comLinkType="cltPageLink"/>
    <linkSource sourcePageID="FA499CA4-330D-4DBE-84D7-5FB041A3AFA5" comID="E391E7D1-2F59-4C9A-BAAC-291A449F8F23" comLinkType="cltPageLink"/>
    <linkSource sourcePageID="BEB5647D-10D6-40E6-A5A4-2D12B70B94A0" comID="E391E7D1-2F59-4C9A-BAAC-291A449F8F23" comLinkType="cltPageLink"/>
    <linkSource sourcePageID="3AD73DF3-3F11-4565-BB58-803AA8DA690D" comID="E391E7D1-2F59-4C9A-BAAC-291A449F8F23" comLinkType="cltPageLink"/>
    <linkSource sourcePageID="BD6C6D2A-BE4A-43F5-8BA7-26AFF38B3189" comID="E391E7D1-2F59-4C9A-BAAC-291A449F8F23" comLinkType="cltPageLink"/>
    <linkSource sourcePageID="CC675418-A0DF-41C0-AFB0-2566B8FEEA40" comID="CE29537C-C982-4B4C-9E42-49A58E5A315B" comLinkType="cltPageLink"/>
    <linkSource sourcePageID="D8D2A0DF-E082-4DF9-8E31-CDC671B65327" comID="9985D929-0843-4E10-9244-2A0851B58013" comLinkType="cltPageLink"/>
  </page>
  <page ID="CC675418-A0DF-41C0-AFB0-2566B8FEEA40">
    <linkSource sourcePageID="F3014A0C-4BBB-45EE-8295-347CD65D5715" comID="E391E7D1-2F59-4C9A-BAAC-291A449F8F23" comLinkType="cltPageLink"/>
    <linkSource sourcePageID="FA499CA4-330D-4DBE-84D7-5FB041A3AFA5" comID="E391E7D1-2F59-4C9A-BAAC-291A449F8F23" comLinkType="cltPageLink"/>
    <linkSource sourcePageID="BEB5647D-10D6-40E6-A5A4-2D12B70B94A0" comID="E391E7D1-2F59-4C9A-BAAC-291A449F8F23" comLinkType="cltPageLink"/>
    <linkSource sourcePageID="3AD73DF3-3F11-4565-BB58-803AA8DA690D" comID="E391E7D1-2F59-4C9A-BAAC-291A449F8F23" comLinkType="cltPageLink"/>
    <linkSource sourcePageID="BD6C6D2A-BE4A-43F5-8BA7-26AFF38B3189" comID="E391E7D1-2F59-4C9A-BAAC-291A449F8F23" comLinkType="cltPageLink"/>
    <linkSource sourcePageID="CC675418-A0DF-41C0-AFB0-2566B8FEEA40" comID="CE29537C-C982-4B4C-9E42-49A58E5A315B" comLinkType="cltPageLink"/>
    <linkSource sourcePageID="D8D2A0DF-E082-4DF9-8E31-CDC671B65327" comID="9985D929-0843-4E10-9244-2A0851B58013" comLinkType="cltPageLink"/>
  </page>
  <page ID="B2828CC3-9432-4094-9C82-E13ADC4D7938">
    <linkSource sourcePageID="91063686-E491-4C90-9812-31C9BD5AAF0B" comID="53EEFE14-52F3-494D-A0DC-AB6A33EF3F32" comLinkType="cltPageLink"/>
  </page>
  <page ID="36FA1EF0-0E04-45B4-BE8A-4866F53E8FAC">
    <linkSource sourcePageID="91063686-E491-4C90-9812-31C9BD5AAF0B" comID="53EEFE14-52F3-494D-A0DC-AB6A33EF3F32" comLinkType="cltPageLink"/>
    <linkSource sourcePageID="B2828CC3-9432-4094-9C82-E13ADC4D7938" comID="D846FEF2-8626-467D-B407-3D59ACAC4336" comLinkType="cltPageLink"/>
  </page>
  <page ID="EFB6BA77-C86B-41E8-934D-CB483FB36F38">
    <linkSource sourcePageID="91063686-E491-4C90-9812-31C9BD5AAF0B" comID="53EEFE14-52F3-494D-A0DC-AB6A33EF3F32" comLinkType="cltPageLink"/>
    <linkSource sourcePageID="B2828CC3-9432-4094-9C82-E13ADC4D7938" comID="BDFB2D43-D2B7-4DEA-8037-2BC5A96FFD88" comLinkType="cltPageLink"/>
    <linkSource sourcePageID="D8D2A0DF-E082-4DF9-8E31-CDC671B65327" comID="96BEBC7A-7647-40DE-86CA-22F101283D7A" comLinkType="cltPageLink"/>
  </page>
  <page ID="8DA2768C-3B71-4CA8-B13D-12AFF0C8491E">
    <linkSource sourcePageID="91063686-E491-4C90-9812-31C9BD5AAF0B" comID="A098C212-32BD-42AE-AAED-41284CBD0490" comLinkType="cltPageLink"/>
  </page>
  <page ID="39506FC9-8205-40D3-8522-B9F0AE8B155F">
    <linkSource sourcePageID="91063686-E491-4C90-9812-31C9BD5AAF0B" comID="F4167E0C-4F82-4823-B6DF-680B4E017C30" comLinkType="cltPageLink"/>
  </page>
  <page ID="A4FD047B-4DF5-4556-BAC2-898804C4A322">
    <linkSource sourcePageID="39506FC9-8205-40D3-8522-B9F0AE8B155F" comID="2FB001C7-9559-491F-9539-3DC29DC424A4" comLinkType="cltPageLink"/>
    <linkSource sourcePageID="39506FC9-8205-40D3-8522-B9F0AE8B155F" comID="4EFCADE7-61E7-4FE9-839C-85E793C383EF" comLinkType="cltPageLink"/>
  </page>
  <page ID="C37E0F43-45A4-458A-94AC-15D590D263EB">
    <linkSource sourcePageID="4C4AFD60-8A3E-48B3-94A4-8B52D821C0D6" comID="3DA5D08A-01D8-466E-9302-CDEF6895EC88" comLinkType="cltPageLink"/>
    <linkSource sourcePageID="4C4AFD60-8A3E-48B3-94A4-8B52D821C0D6" comID="D7B3D821-48F6-42E7-85CD-81548908D19A" comLinkType="cltPageLink"/>
    <linkSource sourcePageID="4C4AFD60-8A3E-48B3-94A4-8B52D821C0D6" comID="A5308767-3B93-4E85-8781-9D299E30DAA8" comLinkType="cltPageLink"/>
    <linkSource sourcePageID="4C4AFD60-8A3E-48B3-94A4-8B52D821C0D6" comID="02BD7348-A4BA-4477-953B-9910BD175816" comLinkType="cltPageLink"/>
    <linkSource sourcePageID="4C4AFD60-8A3E-48B3-94A4-8B52D821C0D6" comID="F5E1BCC6-6354-4DDE-BAE9-87EA49948370" comLinkType="cltPageLink"/>
    <linkSource sourcePageID="4C4AFD60-8A3E-48B3-94A4-8B52D821C0D6" comID="661C970A-0C81-459F-90EC-29EEE97C079B" comLinkType="cltPageLink"/>
    <linkSource sourcePageID="62545555-8E24-40ED-9590-990C5EACEBED" comID="3DA5D08A-01D8-466E-9302-CDEF6895EC88" comLinkType="cltPageLink"/>
    <linkSource sourcePageID="62545555-8E24-40ED-9590-990C5EACEBED" comID="D7B3D821-48F6-42E7-85CD-81548908D19A" comLinkType="cltPageLink"/>
    <linkSource sourcePageID="62545555-8E24-40ED-9590-990C5EACEBED" comID="A5308767-3B93-4E85-8781-9D299E30DAA8" comLinkType="cltPageLink"/>
    <linkSource sourcePageID="62545555-8E24-40ED-9590-990C5EACEBED" comID="02BD7348-A4BA-4477-953B-9910BD175816" comLinkType="cltPageLink"/>
    <linkSource sourcePageID="62545555-8E24-40ED-9590-990C5EACEBED" comID="F5E1BCC6-6354-4DDE-BAE9-87EA49948370" comLinkType="cltPageLink"/>
    <linkSource sourcePageID="62545555-8E24-40ED-9590-990C5EACEBED" comID="661C970A-0C81-459F-90EC-29EEE97C079B" comLinkType="cltPageLink"/>
    <linkSource sourcePageID="9220A8DE-9A33-4FAF-AB1A-8BC2A63CCA4A" comID="22B0EE75-E45E-45AD-8055-631FAAEAB10E" comLinkType="cltPageLink"/>
    <linkSource sourcePageID="9220A8DE-9A33-4FAF-AB1A-8BC2A63CCA4A" comID="3E484020-AEB1-4D4E-9D2D-DFF53942E2B7" comLinkType="cltPageLink"/>
    <linkSource sourcePageID="9220A8DE-9A33-4FAF-AB1A-8BC2A63CCA4A" comID="818FD49A-5A71-48B5-A917-2CDEDE69D206" comLinkType="cltPageLink"/>
    <linkSource sourcePageID="9220A8DE-9A33-4FAF-AB1A-8BC2A63CCA4A" comID="07249B6D-2830-4E39-82E1-A9DB3DBAE140" comLinkType="cltPageLink"/>
    <linkSource sourcePageID="9220A8DE-9A33-4FAF-AB1A-8BC2A63CCA4A" comID="67431B80-C469-4C95-ABD3-DB7E5B57E53C" comLinkType="cltPageLink"/>
  </page>
  <page ID="15400C63-38A8-415F-ACDC-D4A1412B8756">
    <linkSource sourcePageID="C37E0F43-45A4-458A-94AC-15D590D263EB" comID="F01359AD-7AC2-422F-94E9-E49B26EEA91D" comLinkType="cltPageLink"/>
    <linkSource sourcePageID="C37E0F43-45A4-458A-94AC-15D590D263EB" comID="7240E5BF-AA06-4996-937C-F6D6FA0269C8" comLinkType="cltPageLink"/>
    <linkSource sourcePageID="C37E0F43-45A4-458A-94AC-15D590D263EB" comID="8E652533-4A50-43EE-B20E-CE8EA2911624" comLinkType="cltPageLink"/>
    <linkSource sourcePageID="C37E0F43-45A4-458A-94AC-15D590D263EB" comID="0D8C99BF-E563-4C05-B8BE-98B06325EB87" comLinkType="cltPageLink"/>
    <linkSource sourcePageID="9220A8DE-9A33-4FAF-AB1A-8BC2A63CCA4A" comID="22B0EE75-E45E-45AD-8055-631FAAEAB10E" comLinkType="cltPageLink"/>
    <linkSource sourcePageID="9220A8DE-9A33-4FAF-AB1A-8BC2A63CCA4A" comID="9F9E2C1F-BBBC-48EA-8158-4AB1F95FE622" comLinkType="cltPageLink"/>
    <linkSource sourcePageID="4C4AFD60-8A3E-48B3-94A4-8B52D821C0D6" comID="0F0F7630-CCCA-4699-98F0-5D92CA733EFF" comLinkType="cltPageLink"/>
    <linkSource sourcePageID="62545555-8E24-40ED-9590-990C5EACEBED" comID="0F0F7630-CCCA-4699-98F0-5D92CA733EFF" comLinkType="cltPageLink"/>
  </page>
</LinkSources>