﻿<mockup version="5.1" minAllowVersion="5.1" ID="5DB69857-629B-4282-AD86-0EBAC8F0983B" platform="MtWeb" defaultW="1100" defaultH="6000" measureW="1100" measureH="6000" mobileScreenScale="0">
  <controls controlCount="25">
    <control controlID="E5E54E9B-BE7F-4B33-B8B5-8553815A758C" controlTypeID="__group__" x="186" y="31" w="876" h="737" zOrder="0">
      <groupChildrenDescriptors>
        <control controlID="9779BBF3-B738-4DC9-9CE9-5F36FA4A7C3D" controlTypeID="BrowserWindow" x="0" y="0" w="727" h="737" zOrder="0">
          <font family="Segoe+UI" displayName="Segoe+UI" postScript="" weightStyle="Regular" weight="400" isBold="False" isItalic="False"/>
          <text>Notifications%0D%0Ahttps%3A%2F%2Fwww.237first.cm</text>
          <textSize>14</textSize>
          <textVAlign>VaTop</textVAlign>
          <lineSpacing>0</lineSpacing>
          <selectedIndex>-1</selectedIndex>
        </control>
        <control controlID="4EB3F32D-A8C0-47B4-8809-1B977DD76624" controlTypeID="Tab" x="0" y="232" w="727" h="409" zOrder="1">
          <links eventType="AtClick" animate="AmNone" animateAutoDelay="0" animateDuration="500">
            <link targetPageID="4C4AFD60-8A3E-48B3-94A4-8B52D821C0D6" linkType="ltPageLink" isApplyIncludePage="False" title="My+Playlist">
              <area shape="0" alt="" ID="{DD2F3B3E-B156-44CD-B65D-6ADA5CD9165C}" coords="(0,0,81,18)"/>
            </link>
            <link targetPageID="62545555-8E24-40ED-9590-990C5EACEBED" linkType="ltPageLink" isApplyIncludePage="False" title="+My+Library">
              <area shape="0" alt="" ID="{51581C17-7EBD-49F9-A35C-0B9FF9FDF844}" coords="(80,0,165,18)"/>
            </link>
            <link targetPageID="9F6B1DCF-CE02-44EC-AEBD-C7FD3FEAADDF" linkType="ltPageLink" isApplyIncludePage="False" title="+Network">
              <area shape="0" alt="" ID="{F8911C21-10BF-4AA9-8A1A-ED63F86AFED0}" coords="(164,0,237,18)"/>
            </link>
            <link targetPageID="1B793C56-EBD9-46E2-B07C-8696BE6B98BB" linkType="ltPageLink" isApplyIncludePage="False" title="+Statistics">
              <area shape="0" alt="" ID="{A904970B-AE04-4E72-BB2A-EA1C0DA7FCFB}" coords="(236,0,309,18)"/>
            </link>
            <link targetPageID="1B793C56-EBD9-46E2-B07C-8696BE6B98BB" linkType="ltPageLink" isApplyIncludePage="False" title="+Notifications">
              <area shape="0" alt="" ID="{09BE4419-45E9-4555-89F7-59C4E4F29EA2}" coords="(308,0,406,18)"/>
            </link>
          </links>
          <font family="Segoe+UI" displayName="Segoe+UI" postScript="" weightStyle="Regular" weight="400" isBold="False" isItalic="False"/>
          <text>My+Playlist%2C+My+Library%2C+Network%2C+Statistics%2C+Notifications</text>
          <textSize>14</textSize>
          <lineSpacing>0</lineSpacing>
        </control>
        <control controlID="F23C13B8-ECB5-46E8-955D-2978D2BC7595" controlTypeID="Shape" x="0" y="71" w="727" h="51" zOrder="2">
          <font family="Segoe+UI" displayName="Segoe+UI" postScript="" weightStyle="Regular" weight="400" isBold="False" isItalic="False"/>
          <text>++++logo%0D%0A</text>
          <textSize>14</textSize>
          <textAlign>HaLeft</textAlign>
          <selectedIndex>-1</selectedIndex>
        </control>
        <control controlID="030DDD15-7AF5-487A-8760-3F9FC34E0DCD" controlTypeID="Shape" x="0" y="664" w="727" h="43" zOrder="3">
          <font family="Segoe+UI" displayName="Segoe+UI" postScript="" weightStyle="Regular" weight="400" isBold="False" isItalic="False"/>
          <text>+++++++++++++++++++++++++++++%0D%0A%0D%0A+++++about+us++++++++++contact+us+++++++++++jobs+++++++++++++forum%0D%0A%0D%0A+++</text>
          <textSize>14</textSize>
          <selectedIndex>-1</selectedIndex>
        </control>
        <control controlID="21A344FA-D55C-4FB7-8DB9-66FB08B3F432" controlTypeID="Menu" x="726" y="190" w="150" h="175" zOrder="4">
          <font family="Segoe+UI" displayName="Segoe+UI" postScript="" weightStyle="Regular" weight="400" isBold="False" isItalic="False"/>
          <text>Join+a+network%0D%0AInvite%0D%0AShare%0D%0AMarket%0D%0AInvest%0D%0APromote%0D%0AUpload</text>
          <textSize>14</textSize>
          <lineSpacing>0</lineSpacing>
        </control>
        <control controlID="6B2A36EB-69D4-4938-8124-5B85233823DE" controlTypeID="TextArea" x="0" y="122" w="727" h="110" zOrder="5">
          <borderVisible>True</borderVisible>
          <font family="Segoe+UI" displayName="Segoe+UI" postScript="" weightStyle="Regular" weight="400" isBold="False" isItalic="False"/>
          <selectedIndex>-1</selectedIndex>
        </control>
        <control controlID="218C3ECC-7648-469B-8004-D5E7285CBF7B" controlTypeID="Circle" x="16" y="132" w="96" h="87" zOrder="6">
          <font family="Segoe+UI" displayName="Segoe+UI" postScript="" weightStyle="Regular" weight="400" isBold="False" isItalic="False"/>
          <textSize>14</textSize>
          <selectedIndex>-1</selectedIndex>
          <shapeBorderType>SbEllipse</shapeBorderType>
        </control>
        <control controlID="2BD6271D-F92E-46B7-9EDF-5190770AE6D6" controlTypeID="Image" x="35" y="152" w="60" h="50" zOrder="7"/>
        <control controlID="B5D33412-F0A6-4B32-ADEE-08705D4EFB86" controlTypeID="TextInput" x="124" y="151" w="124" h="25" zOrder="8">
          <borderVisible>False</borderVisible>
          <font family="Segoe+UI" displayName="Segoe+UI" postScript="" weightStyle="Regular" weight="400" isBold="False" isItalic="False"/>
          <text>user+name</text>
          <lineSpacing>0</lineSpacing>
          <selectedIndex>-1</selectedIndex>
        </control>
        <control controlID="12BF56B4-67AD-4B2B-AA45-6D75F161963A" controlTypeID="TextInput" x="124" y="173" w="124" h="25" zOrder="9">
          <borderVisible>False</borderVisible>
          <font family="Segoe+UI" displayName="Segoe+UI" postScript="" weightStyle="Regular" weight="400" isBold="False" isItalic="False"/>
          <text>account+type</text>
          <lineSpacing>0</lineSpacing>
          <selectedIndex>-1</selectedIndex>
        </control>
        <control controlID="A2527CDD-4B7E-4A12-979C-38854DCD76E1" controlTypeID="Shape" x="648" y="132" w="64" h="20" zOrder="10">
          <font family="Segoe+UI" displayName="Segoe+UI" postScript="" weightStyle="Regular" weight="400" isBold="False" isItalic="False"/>
          <text>Donate</text>
          <textSize>14</textSize>
          <selectedIndex>-1</selectedIndex>
        </control>
        <control controlID="E91724E4-24C5-44B8-B2F5-0E2B59DEDE3A" controlTypeID="Icon" x="690" y="190" w="26" h="26" zOrder="11">
          <icon>
            <ID/>
            <iconFontName>jdIonicons</iconFontName>
            <iconCode>62359</iconCode>
          </icon>
          <URL>92A37C37F1C55861F795B008D0D7225E.svg</URL>
        </control>
        <control controlID="8AD95D8C-D5E0-4C4F-A3F5-1EBA213A1E45" controlTypeID="SwitchIOS" x="648" y="158" w="66" h="28" zOrder="12"/>
        <control controlID="E065AF40-5DD8-4555-A97E-B1EBDD4F0944" controlTypeID="Shape" x="0" y="250" w="727" h="48" zOrder="13">
          <font family="Segoe+UI" displayName="Segoe+UI" postScript="" weightStyle="Regular" weight="400" isBold="False" isItalic="False"/>
          <text>+++++++++++++++User8+shared+your+song</text>
          <textSize>14</textSize>
          <textAlign>HaLeft</textAlign>
        </control>
        <control controlID="F9E54347-7C6F-4D6B-81D1-396170FE7776" controlTypeID="Shape" x="0" y="298" w="727" h="48" zOrder="14">
          <font family="Segoe+UI" displayName="Segoe+UI" postScript="" weightStyle="Regular" weight="400" isBold="False" isItalic="False"/>
          <textSize>14</textSize>
          <selectedIndex>-1</selectedIndex>
        </control>
        <control controlID="6496FF17-8AB9-4504-BE01-74DA0297023F" controlTypeID="Shape" x="0" y="345" w="727" h="48" zOrder="15">
          <font family="Segoe+UI" displayName="Segoe+UI" postScript="" weightStyle="Regular" weight="400" isBold="False" isItalic="False"/>
          <textSize>14</textSize>
          <selectedIndex>-1</selectedIndex>
        </control>
        <control controlID="15C1CFA3-E857-49C7-B392-F6BF7B412902" controlTypeID="Shape" x="0" y="441" w="727" h="48" zOrder="16">
          <font family="Segoe+UI" displayName="Segoe+UI" postScript="" weightStyle="Regular" weight="400" isBold="False" isItalic="False"/>
          <textSize>14</textSize>
          <selectedIndex>-1</selectedIndex>
        </control>
        <control controlID="FF34D62B-7076-4EEA-97C3-26C8AA745102" controlTypeID="Shape" x="0" y="393" w="727" h="48" zOrder="17">
          <font family="Segoe+UI" displayName="Segoe+UI" postScript="" weightStyle="Regular" weight="400" isBold="False" isItalic="False"/>
          <textSize>14</textSize>
          <selectedIndex>-1</selectedIndex>
        </control>
        <control controlID="0F55ADE0-A56E-4DD6-89F9-75B773BAEBAA" controlTypeID="Shape" x="0" y="488" w="727" h="48" zOrder="18">
          <font family="Segoe+UI" displayName="Segoe+UI" postScript="" weightStyle="Regular" weight="400" isBold="False" isItalic="False"/>
          <textSize>14</textSize>
          <selectedIndex>-1</selectedIndex>
        </control>
        <control controlID="AB5A5CB4-F749-4F6D-9E47-ABB796324545" controlTypeID="IconButton2" x="16" y="255" w="38" h="38" zOrder="19">
          <groupChildrenDescriptors>
            <control controlID="96F9FD13-FB0D-41B9-9132-4B6A393B3121" controlTypeID="Shape" x="0" y="0" w="38" h="38" zOrder="0">
              <canMove>False</canMove>
              <alias>shape</alias>
              <font family="Segoe+UI" displayName="Segoe+UI" postScript="" weightStyle="Regular" weight="400" isBold="False" isItalic="False"/>
              <textSize>14</textSize>
              <shapeBorderType>SbEllipse</shapeBorderType>
            </control>
            <control controlID="928F0644-12C6-46CC-B1BB-1C6CC7B72962" controlTypeID="Icon" x="7" y="7" w="24" h="24" zOrder="1">
              <canMove>False</canMove>
              <alias>icon</alias>
              <icon>
                <ID/>
                <iconFontName/>
                <iconCode>-1</iconCode>
              </icon>
            </control>
            <control controlID="29363B9A-15BA-4C86-B660-84D59095693E" controlTypeID="Label" x="0" y="2" w="32" h="16" zOrder="2">
              <canMove>False</canMove>
              <alias>label</alias>
              <font family="Segoe+UI" displayName="Segoe+UI" postScript="" weightStyle="Regular" weight="400" isBold="False" isItalic="False"/>
              <text>Label</text>
              <textSize>12</textSize>
              <textAlign>HaCenter</textAlign>
              <lineSpacing>0</lineSpacing>
            </control>
            <control controlID="D48FFD20-4165-4A1D-8FE5-11CF7A590627" controlTypeID="Shape" x="25" y="0" w="13" h="13" zOrder="3">
              <color>4294901760</color>
              <borderVisible>False</borderVisible>
              <canMove>False</canMove>
              <alias>alarm</alias>
              <font family="Segoe+UI" displayName="Segoe+UI" postScript="" weightStyle="Regular" weight="400" isBold="False" isItalic="False"/>
              <text>2</text>
              <textColor>4294967295</textColor>
              <textSize>8</textSize>
              <radius>100</radius>
              <radiusIsPercent>True</radiusIsPercent>
            </control>
          </groupChildrenDescriptors>
        </control>
      </groupChildrenDescriptors>
    </control>
  </controls>
  <param>
    <backgroundColor>4294967295</backgroundColor>
    <fontSize>0</fontSize>
    <fontFamily/>
    <guideLines/>
  </param>
</mockup>