﻿<mockup version="5.1" minAllowVersion="5.1" ID="36FA1EF0-0E04-45B4-BE8A-4866F53E8FAC" platform="MtWeb" defaultW="1100" defaultH="6000" measureW="1100" measureH="6000" mobileScreenScale="0">
  <controls controlCount="8">
    <control controlID="700C36B0-20E1-425F-97E9-8829A44D8EB6" controlTypeID="__group__" x="314" y="67" w="379" h="285" zOrder="0">
      <groupChildrenDescriptors>
        <control controlID="0B0AA10A-4DE1-441B-B1AB-52D63EA498BF" controlTypeID="Shape" x="0" y="0" w="379" h="285" zOrder="0">
          <font family="Segoe+UI" displayName="Segoe+UI" postScript="" weightStyle="Regular" weight="400" isBold="False" isItalic="False"/>
          <textSize>14</textSize>
          <selectedIndex>-1</selectedIndex>
        </control>
        <control controlID="1DABB652-E887-4275-A152-B0D55B68FB0B" controlTypeID="Shape" x="0" y="0" w="379" h="70" zOrder="1">
          <font family="Segoe+UI" displayName="Segoe+UI" postScript="" weightStyle="Regular" weight="400" isBold="False" isItalic="False"/>
          <text>SIGN+IN</text>
          <textSize>14</textSize>
          <selectedIndex>-1</selectedIndex>
        </control>
        <control controlID="022A6C89-010F-4DB8-9AAC-FC96B6928876" controlTypeID="LabelTextInput" x="50" y="98" w="280" h="24" zOrder="2">
          <font family="Segoe+UI" displayName="Segoe+UI" postScript="" weightStyle="Regular" weight="400" isBold="False" isItalic="False"/>
          <text>USERNAME</text>
          <textSize>14</textSize>
          <lineSpacing>0</lineSpacing>
          <selectedIndex>-1</selectedIndex>
        </control>
        <control controlID="E70A0763-008A-4AD1-857B-C9C8408DD13E" controlTypeID="LabelTextInput" x="50" y="146" w="280" h="24" zOrder="3">
          <font family="Segoe+UI" displayName="Segoe+UI" postScript="" weightStyle="Regular" weight="400" isBold="False" isItalic="False"/>
          <text>PASSWORD</text>
          <textSize>14</textSize>
          <lineSpacing>0</lineSpacing>
          <selectedIndex>-1</selectedIndex>
        </control>
        <control controlID="5F627377-56A3-4E6E-8949-9CBD7E100969" controlTypeID="LabelTextInput" x="50" y="196" w="280" h="24" zOrder="4">
          <font family="Segoe+UI" displayName="Segoe+UI" postScript="" weightStyle="Regular" weight="400" isBold="False" isItalic="False"/>
          <text>ENTER+EMAIL</text>
          <textSize>14</textSize>
          <lineSpacing>0</lineSpacing>
          <selectedIndex>-1</selectedIndex>
        </control>
        <control controlID="49228E37-FBC1-4B03-8A02-F124F0560354" controlTypeID="Button" x="50" y="238" w="70" h="28" zOrder="5">
          <font family="Segoe+UI" displayName="Segoe+UI" postScript="" weightStyle="Regular" weight="400" isBold="False" isItalic="False"/>
          <text>SIGN+IN</text>
          <lineSpacing>0</lineSpacing>
          <selectedIndex>-1</selectedIndex>
          <radius>4</radius>
        </control>
        <control controlID="92735092-74C5-4F84-9D2B-27FA71EBD8DD" controlTypeID="Button" x="188" y="238" w="142" h="28" zOrder="6">
          <interactiveData>
            <entry title="">
              <area shape="0" alt="" ID="{8B36E3EF-3C6F-49CD-B1C5-D1A76BEB77D8}" coords="(0,0,142,28)"/>
              <events title="">
                <event eventType="atClick" isChecked="True">
                  <behaviour title="" isChecked="True" isWait="False" isLoop="False" execMode="emParallel">
                    <target targetID="1DABB652-E887-4275-A152-B0D55B68FB0B" isChecked="True" isAutoRecovery="False" isLoop="False" execMode="emSequence">
                      <command name="Change Visibility" isChecked="True" descrition="">
                        <param name="AniInterpolation" value="1" varType="3" description=""/>
                        <param name="AniDuration" value="200" varType="3" description=""/>
                        <param name="AniAutoReverse" value="False" varType="11" description=""/>
                        <param name="AniLoop" value="False" varType="11" description=""/>
                        <param name="AniInterpolationTypeOut" value="False" varType="11" description=""/>
                        <param name="Delay" value="0" varType="3" description=""/>
                        <param name="ValueFromCurrent" value="True" varType="11" description=""/>
                        <param name="ForceFromInitValue" value="False" varType="11" description=""/>
                        <param name="ForceSetVisible" value="False" varType="11" description=""/>
                        <param name="Value" value="2" varType="3" description=""/>
                        <param name="TerminateLoopByClick" value="True" varType="11" description=""/>
                      </command>
                    </target>
                  </behaviour>
                </event>
              </events>
            </entry>
          </interactiveData>
          <font family="Segoe+UI" displayName="Segoe+UI" postScript="" weightStyle="Regular" weight="400" isBold="False" isItalic="False"/>
          <text>FORGOT+PASSWORD</text>
          <lineSpacing>0</lineSpacing>
          <selectedIndex>-1</selectedIndex>
          <radius>4</radius>
        </control>
      </groupChildrenDescriptors>
    </control>
  </controls>
  <param>
    <backgroundColor>4294967295</backgroundColor>
    <fontSize>0</fontSize>
    <fontFamily/>
    <guideLines/>
  </param>
</mockup>