﻿<mockup version="5.1" minAllowVersion="5.1" ID="3FBAD0CD-64F3-45EC-AC2C-8393AC71E0E1" platform="MtWeb" defaultW="1100" defaultH="6000" measureW="1100" measureH="6000" mobileScreenScale="0">
  <controls controlCount="13">
    <control controlID="A7870D6B-2203-4452-9477-31DEA1578943" controlTypeID="__group__" x="140" y="26" w="820" h="638" zOrder="0">
      <groupChildrenDescriptors>
        <control controlID="149325F0-1790-47FE-8940-3BA746AEAC20" controlTypeID="BrowserWindow" x="0" y="0" w="820" h="638" zOrder="0">
          <font family="Segoe+UI" displayName="Segoe+UI" postScript="" weightStyle="Regular" weight="400" isBold="False" isItalic="False"/>
          <text>Payment%0D%0Ahttps%3A%2F%2Fwww.237first.cm</text>
          <textSize>14</textSize>
          <textVAlign>VaTop</textVAlign>
          <lineSpacing>0</lineSpacing>
          <selectedIndex>-1</selectedIndex>
        </control>
        <control controlID="3EC58A03-D3AA-4B4C-9594-AC08BB2FD741" controlTypeID="Shape" x="0" y="556" w="820" h="52" zOrder="1">
          <font family="Segoe+UI" displayName="Segoe+UI" postScript="" weightStyle="Regular" weight="400" isBold="False" isItalic="False"/>
          <text>+++++++++++++++++++++++++++++%0D%0A%0D%0A+++++about+us++++++++++contact+us+++++++++++jobs+++++++++++++forum%0D%0A%0D%0A+++</text>
          <textSize>14</textSize>
          <selectedIndex>-1</selectedIndex>
        </control>
        <control controlID="3CA79A2B-788E-4E57-AEBA-C5130D10D442" controlTypeID="Shape" x="0" y="71" w="820" h="74" zOrder="2">
          <font family="Segoe+UI" displayName="Segoe+UI" postScript="" weightStyle="Regular" weight="400" isBold="False" isItalic="False"/>
          <text>++++%0D%0A++++logo%0D%0A</text>
          <textSize>14</textSize>
          <textAlign>HaLeft</textAlign>
          <selectedIndex>-1</selectedIndex>
        </control>
        <control controlID="88F3572D-BBD3-4E35-BFF7-A7A2D6AD8CA2" controlTypeID="Icon" x="788" y="96" w="22" h="22" zOrder="3">
          <icon>
            <ID/>
            <iconFontName>jdIonicons</iconFontName>
            <iconCode>62356</iconCode>
          </icon>
          <URL>F8C2434C2C958119B1E6150C97C501FA.svg</URL>
        </control>
        <control controlID="D803C07A-AAE2-499E-A93C-B19C2504DC16" controlTypeID="TextInput" x="734" y="100" w="30" h="17" zOrder="4">
          <font family="Segoe+UI" displayName="Segoe+UI" postScript="" weightStyle="Regular" weight="400" isBold="False" isItalic="False"/>
          <text>EN</text>
          <lineSpacing>0</lineSpacing>
          <selectedIndex>-1</selectedIndex>
        </control>
        <control controlID="8B5D9C0D-B399-4FD7-807F-F9B742D2A940" controlTypeID="IconButton2" x="677" y="89" w="38" h="38" zOrder="5">
          <groupChildrenDescriptors>
            <control controlID="0A7F7F10-72E9-487F-981B-BC4D9B8D50E6" controlTypeID="Shape" x="0" y="0" w="38" h="38" zOrder="0">
              <canMove>False</canMove>
              <alias>shape</alias>
              <font family="Segoe+UI" displayName="Segoe+UI" postScript="" weightStyle="Regular" weight="400" isBold="False" isItalic="False"/>
              <textSize>14</textSize>
              <selectedIndex>-1</selectedIndex>
              <shapeBorderType>SbEllipse</shapeBorderType>
            </control>
            <control controlID="DA3CC656-B96D-4DA0-A370-E45DD84461B7" controlTypeID="Icon" x="7" y="7" w="24" h="24" zOrder="1">
              <canMove>False</canMove>
              <alias>icon</alias>
              <icon>
                <ID/>
                <iconFontName>jdIonicons</iconFontName>
                <iconCode>61697</iconCode>
              </icon>
              <URL>ED3EFB5E9FC61A65FB9676EFF083DAFA.svg</URL>
            </control>
            <control controlID="D56B5CB5-82F5-4777-B69B-C3CF1A971130" controlTypeID="Label" x="0" y="2" w="32" h="16" zOrder="2">
              <canMove>False</canMove>
              <alias>label</alias>
              <font family="Segoe+UI" displayName="Segoe+UI" postScript="" weightStyle="Regular" weight="400" isBold="False" isItalic="False"/>
              <text>Label</text>
              <textSize>12</textSize>
              <textAlign>HaCenter</textAlign>
              <lineSpacing>0</lineSpacing>
              <selectedIndex>-1</selectedIndex>
            </control>
            <control controlID="32DCC1CE-38DC-4F30-89EB-8F8007505664" controlTypeID="Shape" x="25" y="0" w="13" h="13" zOrder="3">
              <color>4294901760</color>
              <borderVisible>False</borderVisible>
              <canMove>False</canMove>
              <alias>alarm</alias>
              <font family="Segoe+UI" displayName="Segoe+UI" postScript="" weightStyle="Regular" weight="400" isBold="False" isItalic="False"/>
              <text>2</text>
              <textColor>4294967295</textColor>
              <textSize>8</textSize>
              <selectedIndex>-1</selectedIndex>
              <radius>100</radius>
              <radiusIsPercent>True</radiusIsPercent>
            </control>
          </groupChildrenDescriptors>
        </control>
        <control controlID="44B78621-9E45-4682-9149-25DCAD2353AB" controlTypeID="Shape" x="0" y="145" w="820" h="120" zOrder="6">
          <font family="Segoe+UI" displayName="Segoe+UI" postScript="" weightStyle="Regular" weight="400" isBold="False" isItalic="False"/>
          <text>UPGRADING%0D%0A%0D%0Awe+state+each+access+level+(basic+user%2C+registered+user%2C+and+so+on)+%0D%0Aand+describe+the+steps+required+to+upgrade+to+the+next+access+level</text>
          <textSize>14</textSize>
          <selectedIndex>-1</selectedIndex>
        </control>
        <control controlID="BF35544F-7496-4CF5-B239-F16F17EC9BBC" controlTypeID="Table" x="0" y="265" w="820" h="292" zOrder="7">
          <font family="Segoe+UI" displayName="Segoe+UI" postScript="" weightStyle="Regular" weight="400" isBold="False" isItalic="False"/>
          <text>Table</text>
          <textSize>14</textSize>
          <textAlign>HaCenter</textAlign>
          <lineSpacing>0</lineSpacing>
          <thickness>1</thickness>
          <dashMode>SdSolid</dashMode>
          <tableStyle>tsNone</tableStyle>
          <editIndex>0</editIndex>
          <rows>
            <row height="30">
              <editIndex>0</editIndex>
              <isAutoRowHeight>True</isAutoRowHeight>
            </row>
            <row height="172">
              <editIndex>0</editIndex>
              <isAutoRowHeight>True</isAutoRowHeight>
            </row>
            <row height="30">
              <editIndex>0</editIndex>
              <isAutoRowHeight>True</isAutoRowHeight>
            </row>
            <row height="30">
              <editIndex>0</editIndex>
              <isAutoRowHeight>True</isAutoRowHeight>
            </row>
            <row height="30">
              <editIndex>0</editIndex>
              <isAutoRowHeight>True</isAutoRowHeight>
            </row>
          </rows>
          <cols>
            <col width="409">
              <textHAlign>HaLeft</textHAlign>
              <editIndex>0</editIndex>
            </col>
            <col width="411">
              <editIndex>0</editIndex>
            </col>
          </cols>
          <cells>
            <cell rows="0,0" cols="0,0">
              <textHAlign>HaLeft</textHAlign>
              <textStyles>[fsBold]</textStyles>
              <fontFamily>Segoe+UI</fontFamily>
              <fontWeight>Bold</fontWeight>
              <editIndex>0</editIndex>
              <text>STATUS</text>
              <textHeight>28</textHeight>
              <font family="Segoe+UI" displayName="Segoe+UI+Bold" postScript="" weightStyle="Bold" weight="700" isBold="True" isItalic="False"/>
            </cell>
            <cell rows="0,0" cols="1,1">
              <textStyles>[fsBold]</textStyles>
              <fontFamily>Segoe+UI</fontFamily>
              <fontWeight>Bold</fontWeight>
              <editIndex>0</editIndex>
              <text>STEPS</text>
              <textHeight>28</textHeight>
              <font family="Segoe+UI" displayName="Segoe+UI+Bold" postScript="" weightStyle="Bold" weight="700" isBold="True" isItalic="False"/>
            </cell>
            <cell rows="1,1" cols="0,0">
              <textHAlign>HaLeft</textHAlign>
              <fontFamily>Segoe+UI</fontFamily>
              <editIndex>0</editIndex>
              <text>BASIC+USER</text>
              <textHeight>28</textHeight>
              <font family="Segoe+UI" displayName="Segoe+UI" postScript="" weightStyle="Regular" weight="400" isBold="False" isItalic="False"/>
            </cell>
            <cell rows="1,1" cols="1,1">
              <textHAlign>HaLeft</textHAlign>
              <textStyles>[fsBold]</textStyles>
              <fontFamily>Segoe+UI</fontFamily>
              <fontWeight>Bold</fontWeight>
              <editIndex>0</editIndex>
              <text>-+go+to+login+page%0D%0A-+sign+up+for+a+new+account%0D%0A%0D%0Ajoin+a+network%0D%0A-+go+to+your+page+(My+Page)%0D%0A-+click+on+settings%0D%0A-+click+join+a+network%0D%0A-+select+a+network+to+join+%0D%0A-+wait+for+a+notification%0D%0A-+wait+for+confirmation+to+join+a+network</text>
              <textHeight>172</textHeight>
              <font family="Segoe+UI" displayName="Segoe+UI+Bold" postScript="" weightStyle="Bold" weight="700" isBold="True" isItalic="False"/>
            </cell>
            <cell rows="2,2" cols="0,0">
              <textHAlign>HaLeft</textHAlign>
              <fontFamily>Segoe+UI</fontFamily>
              <editIndex>0</editIndex>
              <text>REGISTERED+USER</text>
              <textHeight>28</textHeight>
              <font family="Segoe+UI" displayName="Segoe+UI" postScript="" weightStyle="Regular" weight="400" isBold="False" isItalic="False"/>
            </cell>
            <cell rows="2,2" cols="1,1">
              <fontFamily>Segoe+UI</fontFamily>
              <editIndex>0</editIndex>
              <textHeight>30</textHeight>
              <font family="Segoe+UI" displayName="Segoe+UI" postScript="" weightStyle="Regular" weight="400" isBold="False" isItalic="False"/>
            </cell>
            <cell rows="3,3" cols="0,0">
              <textHAlign>HaLeft</textHAlign>
              <fontFamily>Segoe+UI</fontFamily>
              <editIndex>0</editIndex>
              <text>REGISTERED+USER+ON+A+NETWORK</text>
              <textHeight>28</textHeight>
              <font family="Segoe+UI" displayName="Segoe+UI" postScript="" weightStyle="Regular" weight="400" isBold="False" isItalic="False"/>
            </cell>
            <cell rows="3,3" cols="1,1">
              <fontFamily>Segoe+UI</fontFamily>
              <editIndex>0</editIndex>
              <textHeight>30</textHeight>
              <font family="Segoe+UI" displayName="Segoe+UI" postScript="" weightStyle="Regular" weight="400" isBold="False" isItalic="False"/>
            </cell>
            <cell rows="4,4" cols="0,0">
              <textHAlign>HaLeft</textHAlign>
              <fontFamily>Segoe+UI</fontFamily>
              <editIndex>0</editIndex>
              <text>ARTIST</text>
              <textHeight>28</textHeight>
              <font family="Segoe+UI" displayName="Segoe+UI" postScript="" weightStyle="Regular" weight="400" isBold="False" isItalic="False"/>
            </cell>
            <cell rows="4,4" cols="1,1">
              <fontFamily>Segoe+UI</fontFamily>
              <editIndex>0</editIndex>
              <textHeight>30</textHeight>
              <font family="Segoe+UI" displayName="Segoe+UI" postScript="" weightStyle="Regular" weight="400" isBold="False" isItalic="False"/>
            </cell>
          </cells>
        </control>
      </groupChildrenDescriptors>
    </control>
  </controls>
  <param>
    <backgroundColor>4294967295</backgroundColor>
    <fontSize>0</fontSize>
    <fontFamily/>
    <guideLines/>
  </param>
</mockup>