﻿<mockup version="5.1" minAllowVersion="5.1" ID="78420F38-F72B-4EFA-8D38-1899027022D6" platform="MtWeb" defaultW="1100" defaultH="6000" measureW="1100" measureH="6000" mobileScreenScale="0">
  <controls controlCount="19">
    <control controlID="35A0AB4F-B9FD-4D70-9A05-7EAA6E17E529" controlTypeID="BrowserWindow" x="29" y="20" w="935" h="1163" zOrder="0">
      <font family="Segoe+UI" displayName="Segoe+UI" postScript="" weightStyle="Regular" weight="400" isBold="False" isItalic="False"/>
      <text>New+Promotion%0D%0Ahttps%3A%2F%2Fwww.237first.cm</text>
      <textSize>14</textSize>
      <textVAlign>VaTop</textVAlign>
      <lineSpacing>0</lineSpacing>
      <selectedIndex>-1</selectedIndex>
    </control>
    <control controlID="23E04C54-4B93-4B62-866A-D29D1E3DAD92" controlTypeID="Shape" x="30" y="91" w="934" h="31" zOrder="1">
      <font family="Segoe+UI" displayName="Segoe+UI" postScript="" weightStyle="Regular" weight="400" isBold="False" isItalic="False"/>
      <text>++++%0D%0A+++logo%0D%0A</text>
      <textSize>14</textSize>
      <textAlign>HaLeft</textAlign>
      <selectedIndex>-1</selectedIndex>
    </control>
    <control controlID="6A7ABD8B-EC97-458D-9BDB-012626923BC9" controlTypeID="Shape" x="29" y="1118" w="935" h="36" zOrder="2">
      <font family="Segoe+UI" displayName="Segoe+UI" postScript="" weightStyle="Regular" weight="400" isBold="False" isItalic="False"/>
      <text>+++++++++++++++++++++++++++++%0D%0A%0D%0A+++++about+us++++++++++contact+us+++++++++++jobs+++++++++++++forum%0D%0A%0D%0A+++</text>
      <textSize>14</textSize>
      <selectedIndex>-1</selectedIndex>
    </control>
    <control controlID="54266F2A-8AFA-471D-B6FE-FC9676207E8E" controlTypeID="Shape" x="29" y="122" w="935" h="120" zOrder="3">
      <font family="Segoe+UI" displayName="Segoe+UI" postScript="" weightStyle="Regular" weight="400" isBold="False" isItalic="False"/>
      <text>Before+promoting+your+item+we+have+to+know+who+you+are+and+your+objectives.%0D%0APlease+fill+the+fom+below+and+pay+particular+attention+to+the+fields+with+asteriks.+Our+promotion+team+wil+l+receive+your+form+and+instantly+reply+you+within+48+hours</text>
      <textSize>14</textSize>
      <selectedIndex>-1</selectedIndex>
    </control>
    <control controlID="CD878240-EBD6-48EF-9BE0-4CFE3FC54821" controlTypeID="GroupBox" x="40" y="252" w="913" h="838" zOrder="4">
      <font family="Segoe+UI" displayName="Segoe+UI" postScript="" weightStyle="Regular" weight="400" isBold="False" isItalic="False"/>
      <text>Request+form</text>
      <textSize>14</textSize>
      <textVAlign>VaTop</textVAlign>
      <lineSpacing>0</lineSpacing>
      <selectedIndex>-1</selectedIndex>
    </control>
    <control controlID="C86BF4F2-9F75-43F9-B923-DE404FC59CC4" controlTypeID="LabelTextInput" x="196" y="277" w="280" h="24" zOrder="5">
      <font family="Segoe+UI" displayName="Segoe+UI" postScript="" weightStyle="Regular" weight="400" isBold="False" isItalic="False"/>
      <text>Name%2FCompany+*%2C+Matt</text>
      <textSize>14</textSize>
      <lineSpacing>0</lineSpacing>
      <selectedIndex>-1</selectedIndex>
    </control>
    <control controlID="0C5F50C9-BDFB-4CE9-9DDA-B6F1CF87E27E" controlTypeID="LabelTextInput" x="543" y="277" w="280" h="24" zOrder="6">
      <font family="Segoe+UI" displayName="Segoe+UI" postScript="" weightStyle="Regular" weight="400" isBold="False" isItalic="False"/>
      <text>Job%2FType+of+Company+*%2C+Matt</text>
      <textSize>14</textSize>
      <lineSpacing>0</lineSpacing>
      <selectedIndex>-1</selectedIndex>
    </control>
    <control controlID="486CD80F-94B9-448F-AE2D-7747D3A056E1" controlTypeID="LabelTextInput" x="193" y="317" w="280" h="24" zOrder="7">
      <font family="Segoe+UI" displayName="Segoe+UI" postScript="" weightStyle="Regular" weight="400" isBold="False" isItalic="False"/>
      <text>Country+*%2C+Matt</text>
      <textSize>14</textSize>
      <lineSpacing>0</lineSpacing>
      <selectedIndex>-1</selectedIndex>
    </control>
    <control controlID="BA2F7D09-DE07-4BEB-9C4F-50950662E248" controlTypeID="LabelTextInput" x="543" y="317" w="280" h="24" zOrder="8">
      <font family="Segoe+UI" displayName="Segoe+UI" postScript="" weightStyle="Regular" weight="400" isBold="False" isItalic="False"/>
      <text>Region+*%2C+Matt</text>
      <textSize>14</textSize>
      <lineSpacing>0</lineSpacing>
      <selectedIndex>-1</selectedIndex>
    </control>
    <control controlID="16ACEC20-DEDB-48DE-A2F2-2EC2567A64ED" controlTypeID="LabelTextInput" x="196" y="359" w="280" h="24" zOrder="9">
      <font family="Segoe+UI" displayName="Segoe+UI" postScript="" weightStyle="Regular" weight="400" isBold="False" isItalic="False"/>
      <text>Address+*%2C+Matt</text>
      <textSize>14</textSize>
      <lineSpacing>0</lineSpacing>
      <selectedIndex>-1</selectedIndex>
    </control>
    <control controlID="E968DB65-2AF5-423D-A6C6-6862E701487B" controlTypeID="LabelTextInput" x="543" y="359" w="280" h="24" zOrder="10">
      <font family="Segoe+UI" displayName="Segoe+UI" postScript="" weightStyle="Regular" weight="400" isBold="False" isItalic="False"/>
      <text>Tel+Number+*%2C+Matt</text>
      <textSize>14</textSize>
      <lineSpacing>0</lineSpacing>
      <selectedIndex>-1</selectedIndex>
    </control>
    <control controlID="DDDA0E1D-CC3B-4330-810E-CF3E7FE7B85E" controlTypeID="LabelTextInput" x="193" y="399" w="280" h="24" zOrder="11">
      <font family="Segoe+UI" displayName="Segoe+UI" postScript="" weightStyle="Regular" weight="400" isBold="False" isItalic="False"/>
      <text>Mobile+Number+*%2C+Matt</text>
      <textSize>14</textSize>
      <lineSpacing>0</lineSpacing>
      <selectedIndex>-1</selectedIndex>
    </control>
    <control controlID="051C9C4E-4D10-4982-B7BF-9A1230B4F41D" controlTypeID="LabelTextInput" x="543" y="399" w="280" h="24" zOrder="12">
      <font family="Segoe+UI" displayName="Segoe+UI" postScript="" weightStyle="Regular" weight="400" isBold="False" isItalic="False"/>
      <text>Email+*%2C+Matt</text>
      <textSize>14</textSize>
      <lineSpacing>0</lineSpacing>
      <selectedIndex>-1</selectedIndex>
    </control>
    <control controlID="791BFA7D-53DB-44E6-9659-C789DD70A3D7" controlTypeID="LabelTextInput" x="193" y="438" w="280" h="24" zOrder="13">
      <font family="Segoe+UI" displayName="Segoe+UI" postScript="" weightStyle="Regular" weight="400" isBold="False" isItalic="False"/>
      <text>Website+*%2C+Matt</text>
      <textSize>14</textSize>
      <lineSpacing>0</lineSpacing>
      <selectedIndex>-1</selectedIndex>
    </control>
    <control controlID="8CB37F29-8F0F-4E4B-8C0F-EB68D8BA2507" controlTypeID="TextInput" x="196" y="482" w="625" h="105" zOrder="14">
      <font family="Segoe+UI" displayName="Segoe+UI" postScript="" weightStyle="Regular" weight="400" isBold="False" isItalic="False"/>
      <text>describe+your+product+(750-+1000+words)</text>
      <textAlign>HaCenter</textAlign>
      <lineSpacing>0</lineSpacing>
      <selectedIndex>-1</selectedIndex>
    </control>
    <control controlID="A4291B58-95F6-4A34-B55E-7E77F14E00A4" controlTypeID="TextInput" x="196" y="597" w="625" h="117" zOrder="15">
      <font family="Segoe+UI" displayName="Segoe+UI" postScript="" weightStyle="Regular" weight="400" isBold="False" isItalic="False"/>
      <text>purpose+of+promotion+(1000+-+1500+words)</text>
      <textAlign>HaCenter</textAlign>
      <lineSpacing>0</lineSpacing>
      <selectedIndex>-1</selectedIndex>
    </control>
    <control controlID="676D76BD-E09B-49CB-93E1-3BF3AE966810" controlTypeID="TextInput" x="196" y="724" w="625" h="129" zOrder="16">
      <font family="Segoe+UI" displayName="Segoe+UI" postScript="" weightStyle="Regular" weight="400" isBold="False" isItalic="False"/>
      <text>Objectives+(750+-+1000+words)</text>
      <textAlign>HaCenter</textAlign>
      <lineSpacing>0</lineSpacing>
      <selectedIndex>-1</selectedIndex>
    </control>
    <control controlID="38D73EB0-10DB-4087-B238-27C48D96132B" controlTypeID="TextInput" x="196" y="863" w="625" h="132" zOrder="17">
      <font family="Segoe+UI" displayName="Segoe+UI" postScript="" weightStyle="Regular" weight="400" isBold="False" isItalic="False"/>
      <text>Promotion+plan+(1500+-+2000+words)</text>
      <textAlign>HaCenter</textAlign>
      <lineSpacing>0</lineSpacing>
      <selectedIndex>-1</selectedIndex>
    </control>
    <control controlID="6E4AE532-53EE-493A-B176-FDEC4AE85995" controlTypeID="Button" x="461" y="1038" w="70" h="28" zOrder="18">
      <font family="Segoe+UI" displayName="Segoe+UI" postScript="" weightStyle="Regular" weight="400" isBold="False" isItalic="False"/>
      <text>SUBMIT</text>
      <lineSpacing>0</lineSpacing>
      <selectedIndex>-1</selectedIndex>
      <radius>4</radius>
    </control>
  </controls>
  <param>
    <backgroundColor>4294967295</backgroundColor>
    <fontSize>0</fontSize>
    <fontFamily/>
    <guideLines/>
  </param>
</mockup>