﻿<mockup version="5.1" minAllowVersion="5.1" ID="7354C108-B6E9-4BD4-9A16-DF98039E70C3" platform="MtWeb" defaultW="1100" defaultH="6000" measureW="1100" measureH="6000" mobileScreenScale="0">
  <controls controlCount="6">
    <control controlID="1E83684D-E88B-4317-A17F-CE872DF72EC2" controlTypeID="BrowserWindow" x="214" y="0" w="671" h="686" zOrder="0">
      <font family="Segoe+UI" displayName="Segoe+UI" postScript="" weightStyle="Regular" weight="400" isBold="False" isItalic="False"/>
      <text>237First%0D%0Ahttps%3A%2F%2Fwww.237first.cm</text>
      <textSize>14</textSize>
      <textVAlign>VaTop</textVAlign>
      <lineSpacing>0</lineSpacing>
      <selectedIndex>-1</selectedIndex>
    </control>
    <control controlID="3E848761-3CA8-4A9F-9D6B-46E64A2080EA" controlTypeID="Tab" x="214" y="164" w="671" h="475" zOrder="1">
      <font family="Segoe+UI" displayName="Segoe+UI" postScript="" weightStyle="Regular" weight="400" isBold="False" isItalic="False"/>
      <text>My+Playlist%2C+My+Library%2C+Network%2C+Statistics</text>
      <textSize>14</textSize>
      <lineSpacing>0</lineSpacing>
    </control>
    <control controlID="05C79FAD-EC24-4036-92CC-46F504CCDAA2" controlTypeID="Shape" x="214" y="74" w="671" h="42" zOrder="2">
      <font family="Segoe+UI" displayName="Segoe+UI" postScript="" weightStyle="Regular" weight="400" isBold="False" isItalic="False"/>
      <text>++++logo%0D%0A</text>
      <textSize>14</textSize>
      <textAlign>HaLeft</textAlign>
      <selectedIndex>-1</selectedIndex>
    </control>
    <control controlID="2815E62E-B279-4A72-8617-B451808608DE" controlTypeID="Shape" x="216" y="601" w="671" h="62" zOrder="3">
      <font family="Segoe+UI" displayName="Segoe+UI" postScript="" weightStyle="Regular" weight="400" isBold="False" isItalic="False"/>
      <text>+++++++++++++++++++++++++++++%0D%0A%0D%0A+++++about+us++++++++++contact+us+++++++++++jobs+++++++++++++forum%0D%0A%0D%0A+++</text>
      <textSize>14</textSize>
      <selectedIndex>-1</selectedIndex>
    </control>
    <control controlID="03148B6D-4CD1-48D1-A967-410A9F939584" controlTypeID="Table" x="216" y="183" w="671" h="456" zOrder="4">
      <font family="Segoe+UI" displayName="Segoe+UI" postScript="" weightStyle="Regular" weight="400" isBold="False" isItalic="False"/>
      <text>Table</text>
      <textSize>14</textSize>
      <textAlign>HaCenter</textAlign>
      <lineSpacing>0</lineSpacing>
      <thickness>1</thickness>
      <dashMode>SdSolid</dashMode>
      <tableStyle>tsNone</tableStyle>
      <editIndex>0</editIndex>
      <rows>
        <row height="30">
          <editIndex>0</editIndex>
          <isAutoRowHeight>True</isAutoRowHeight>
        </row>
        <row height="30">
          <editIndex>0</editIndex>
          <isAutoRowHeight>True</isAutoRowHeight>
        </row>
        <row height="396">
          <editIndex>0</editIndex>
          <isAutoRowHeight>False</isAutoRowHeight>
        </row>
      </rows>
      <cols>
        <col width="223">
          <editIndex>0</editIndex>
        </col>
        <col width="224">
          <editIndex>0</editIndex>
        </col>
        <col width="224">
          <editIndex>0</editIndex>
        </col>
      </cols>
      <cells>
        <cell rows="0,0" cols="0,0">
          <fontFamily>Segoe+UI</fontFamily>
          <editIndex>0</editIndex>
          <text>Parent</text>
          <textHeight>28</textHeight>
          <font family="Segoe+UI" displayName="Segoe+UI" postScript="" weightStyle="Regular" weight="400" isBold="False" isItalic="False"/>
        </cell>
        <cell rows="0,0" cols="1,1">
          <fontFamily>Segoe+UI</fontFamily>
          <editIndex>0</editIndex>
          <text>Status</text>
          <textHeight>28</textHeight>
          <font family="Segoe+UI" displayName="Segoe+UI" postScript="" weightStyle="Regular" weight="400" isBold="False" isItalic="False"/>
        </cell>
        <cell rows="0,0" cols="2,2">
          <fontFamily>Segoe+UI</fontFamily>
          <editIndex>0</editIndex>
          <text>Users</text>
          <textHeight>28</textHeight>
          <font family="Segoe+UI" displayName="Segoe+UI" postScript="" weightStyle="Regular" weight="400" isBold="False" isItalic="False"/>
        </cell>
        <cell rows="1,1" cols="0,0">
          <fontFamily>Segoe+UI</fontFamily>
          <editIndex>0</editIndex>
          <textHeight>12</textHeight>
          <font family="Segoe+UI" displayName="Segoe+UI" postScript="" weightStyle="Regular" weight="400" isBold="False" isItalic="False"/>
        </cell>
        <cell rows="1,1" cols="1,1">
          <fontFamily>Segoe+UI</fontFamily>
          <editIndex>0</editIndex>
          <textHeight>30</textHeight>
          <font family="Segoe+UI" displayName="Segoe+UI" postScript="" weightStyle="Regular" weight="400" isBold="False" isItalic="False"/>
        </cell>
        <cell rows="1,1" cols="2,2">
          <fontFamily>Segoe+UI</fontFamily>
          <editIndex>0</editIndex>
          <text>400000</text>
          <textHeight>28</textHeight>
          <font family="Segoe+UI" displayName="Segoe+UI" postScript="" weightStyle="Regular" weight="400" isBold="False" isItalic="False"/>
        </cell>
        <cell rows="2,2" cols="0,0">
          <fontFamily>Segoe+UI</fontFamily>
          <editIndex>0</editIndex>
          <textHeight>30</textHeight>
          <font family="Segoe+UI" displayName="Segoe+UI" postScript="" weightStyle="Regular" weight="400" isBold="False" isItalic="False"/>
        </cell>
        <cell rows="2,2" cols="1,1">
          <fontFamily>Segoe+UI</fontFamily>
          <editIndex>0</editIndex>
          <textHeight>30</textHeight>
          <font family="Segoe+UI" displayName="Segoe+UI" postScript="" weightStyle="Regular" weight="400" isBold="False" isItalic="False"/>
        </cell>
        <cell rows="2,2" cols="2,2">
          <fontFamily>Segoe+UI</fontFamily>
          <editIndex>0</editIndex>
          <textHeight>30</textHeight>
          <font family="Segoe+UI" displayName="Segoe+UI" postScript="" weightStyle="Regular" weight="400" isBold="False" isItalic="False"/>
        </cell>
      </cells>
    </control>
    <control controlID="67CCB6B4-078F-43D8-92BF-13E4A53B2557" controlTypeID="Circle" x="508" y="170" w="87" h="22" zOrder="5">
      <font family="Segoe+UI" displayName="Segoe+UI" postScript="" weightStyle="Regular" weight="400" isBold="False" isItalic="False"/>
      <text>subscribe</text>
      <textSize>14</textSize>
      <selectedIndex>-1</selectedIndex>
      <shapeBorderType>SbEllipse</shapeBorderType>
    </control>
  </controls>
  <param>
    <backgroundColor>4294967295</backgroundColor>
    <fontSize>0</fontSize>
    <fontFamily/>
    <guideLines/>
  </param>
</mockup>