﻿<mockup version="5.1" minAllowVersion="5.1" ID="D8D2A0DF-E082-4DF9-8E31-CDC671B65327" platform="MtWeb" defaultW="1100" defaultH="6000" measureW="1100" measureH="6000" mobileScreenScale="0">
  <controls controlCount="78">
    <control controlID="3D20387F-1059-4BCB-977B-55E23322C383" controlTypeID="__group__" x="387" y="887" w="288" h="252" zOrder="0">
      <groupChildrenDescriptors>
        <control controlID="121AC10D-BE3D-4746-9462-B10B3242EEAF" controlTypeID="Shape" x="0" y="0" w="288" h="252" zOrder="0">
          <font family="Segoe+UI" displayName="Segoe+UI" postScript="" weightStyle="Regular" weight="400" isBold="False" isItalic="False"/>
          <textSize>14</textSize>
          <selectedIndex>-1</selectedIndex>
        </control>
        <control controlID="22199D49-F951-430E-88C7-796B875A16F4" controlTypeID="Shape" x="0" y="0" w="288" h="44" zOrder="1">
          <font family="Segoe+UI" displayName="Segoe+UI" postScript="" weightStyle="Regular" weight="400" isBold="False" isItalic="False"/>
          <text>Join+a+network</text>
          <textSize>14</textSize>
          <selectedIndex>-1</selectedIndex>
        </control>
        <control controlID="8A43666D-B9EF-4163-81CB-97656F81865A" controlTypeID="Shape" x="24" y="70" w="240" h="42" zOrder="2">
          <borderVisible>False</borderVisible>
          <font family="Segoe+UI" displayName="Segoe+UI" postScript="" weightStyle="Regular" weight="400" isBold="False" isItalic="False"/>
          <text>send+a+request+to%3A</text>
          <textSize>14</textSize>
          <selectedIndex>-1</selectedIndex>
        </control>
        <control controlID="B401B907-E07F-44AB-8A87-25AD06E0A37D" controlTypeID="CompositeComboBox" x="24" y="122" w="245" h="24" zOrder="3">
          <groupChildrenDescriptors>
            <control controlID="5C60C2D3-4E99-428B-8D9A-F138CE5488FB" controlTypeID="TextInput" x="0" y="0" w="222" h="24" zOrder="0">
              <locked>True</locked>
              <canMove>False</canMove>
              <alias>input</alias>
              <font family="Segoe+UI" displayName="Segoe+UI" postScript="" weightStyle="Regular" weight="400" isBold="False" isItalic="False"/>
              <text>list+of+all+artists</text>
              <lineSpacing>0</lineSpacing>
              <selectedIndex>-1</selectedIndex>
            </control>
            <control controlID="D28F6CC5-6F74-498D-8F0E-10D695FCECE5" controlTypeID="Button" x="221" y="0" w="24" h="24" zOrder="1">
              <locked>True</locked>
              <canMove>False</canMove>
              <alias>button</alias>
              <font family="Segoe+UI" displayName="Segoe+UI" postScript="" weightStyle="Regular" weight="400" isBold="False" isItalic="False"/>
              <lineSpacing>0</lineSpacing>
              <selectedIndex>-1</selectedIndex>
              <radius>0</radius>
            </control>
            <control controlID="F0BFE53B-1FAC-40B5-85C0-AD1AAF589F61" controlTypeID="List" x="0" y="24" w="245" h="26" zOrder="2">
              <isShow>False</isShow>
              <canMove>False</canMove>
              <alias>dropDown</alias>
              <font family="Segoe+UI" displayName="Segoe+UI" postScript="" weightStyle="Regular" weight="400" isBold="False" isItalic="False"/>
              <text>list+of+all+artists</text>
              <textSize>14</textSize>
              <lineSpacing>0</lineSpacing>
              <itemHeight>24</itemHeight>
              <interlaceColor>4294967295</interlaceColor>
            </control>
          </groupChildrenDescriptors>
          <baseHeight>24</baseHeight>
          <font family="Segoe+UI"/>
          <textSize>14</textSize>
        </control>
        <control controlID="DCF6AF2E-71FF-4291-90EA-49B15327D4B7" controlTypeID="Button" x="111" y="175" w="70" h="28" zOrder="4">
          <font family="Segoe+UI" displayName="Segoe+UI" postScript="" weightStyle="Regular" weight="400" isBold="False" isItalic="False"/>
          <text>send</text>
          <lineSpacing>0</lineSpacing>
          <selectedIndex>-1</selectedIndex>
          <radius>4</radius>
        </control>
      </groupChildrenDescriptors>
    </control>
    <control controlID="248A8ABC-6046-48E4-BFF7-C0CFCDCEAF6F" controlTypeID="__group__" x="770" y="884" w="281" h="252" zOrder="1">
      <groupChildrenDescriptors>
        <control controlID="CE535AF0-3244-4D1C-A666-032172133AF2" controlTypeID="__group__" x="0" y="0" w="281" h="252" zOrder="0">
          <groupChildrenDescriptors>
            <control controlID="3C5A89DE-325D-4381-957A-F54FC22C138D" controlTypeID="Shape" x="0" y="0" w="281" h="252" zOrder="0">
              <font family="Segoe+UI" displayName="Segoe+UI" postScript="" weightStyle="Regular" weight="400" isBold="False" isItalic="False"/>
              <textSize>14</textSize>
              <selectedIndex>-1</selectedIndex>
            </control>
            <control controlID="9770BE9A-E564-44CF-A6C2-FF17071DDE4B" controlTypeID="Shape" x="0" y="0" w="281" h="50" zOrder="1">
              <font family="Segoe+UI" displayName="Segoe+UI" postScript="" weightStyle="Regular" weight="400" isBold="False" isItalic="False"/>
              <text>delete+account</text>
              <textSize>14</textSize>
              <selectedIndex>-1</selectedIndex>
            </control>
          </groupChildrenDescriptors>
        </control>
        <control controlID="40F05044-3BC0-4F09-8602-E3E82303D004" controlTypeID="Shape" x="41" y="59" w="208" h="120" zOrder="1">
          <font family="Segoe+UI" displayName="Segoe+UI" postScript="" weightStyle="Regular" weight="400" isBold="False" isItalic="False"/>
          <text>are+you+sure+you+want+to+delete+this+account%3F%0D%0Ayou+will+loose+all+the+information+you+have+saved+thus+far.</text>
          <textSize>14</textSize>
          <textAlign>HaLeft</textAlign>
          <selectedIndex>-1</selectedIndex>
        </control>
        <control controlID="00AAAB2D-54C5-4C32-9AE9-E2D091CA0DE6" controlTypeID="Button" x="115" y="202" w="70" h="28" zOrder="2">
          <font family="Segoe+UI" displayName="Segoe+UI" postScript="" weightStyle="Regular" weight="400" isBold="False" isItalic="False"/>
          <text>delete</text>
          <lineSpacing>0</lineSpacing>
          <selectedIndex>-1</selectedIndex>
          <radius>4</radius>
        </control>
      </groupChildrenDescriptors>
    </control>
    <control controlID="F181320F-DB13-4B91-B22E-72952B8BFAED" controlTypeID="__group__" x="34" y="7" w="1062" h="1149" zOrder="2">
      <groupChildrenDescriptors>
        <control controlID="10376FE5-325D-4245-AFAD-017B256859F1" controlTypeID="BrowserWindow" x="0" y="0" w="813" h="863" zOrder="0">
          <font family="Segoe+UI" displayName="Segoe+UI" postScript="" weightStyle="Regular" weight="400" isBold="False" isItalic="False"/>
          <text>My+account%0D%0Ahttps%3A%2F%2Fwww.237first.cm</text>
          <textSize>14</textSize>
          <textVAlign>VaTop</textVAlign>
          <lineSpacing>0</lineSpacing>
          <selectedIndex>-1</selectedIndex>
        </control>
        <control controlID="4F0AFEB2-E4C0-4FB2-B994-D28A530ED9BF" controlTypeID="Shape" x="0" y="71" w="813" h="74" zOrder="1">
          <font family="Segoe+UI" displayName="Segoe+UI" postScript="" weightStyle="Regular" weight="400" isBold="False" isItalic="False"/>
          <text>++++%0D%0A++++logo%0D%0A</text>
          <textSize>14</textSize>
          <textAlign>HaLeft</textAlign>
          <selectedIndex>-1</selectedIndex>
        </control>
        <control controlID="ABD2912A-8D54-4519-B846-69F6B2E76FA8" controlTypeID="Shape" x="0" y="769" w="813" h="66" zOrder="2">
          <font family="Segoe+UI" displayName="Segoe+UI" postScript="" weightStyle="Regular" weight="400" isBold="False" isItalic="False"/>
          <text>+++++++++++++++++++++++++++++%0D%0A%0D%0A+++++about+us++++++++++contact+us+++++++++++jobs+++++++++++++forum%0D%0A%0D%0A+++</text>
          <textSize>14</textSize>
          <selectedIndex>-1</selectedIndex>
        </control>
        <control controlID="0DCDFCCE-387A-4B96-9735-76251D132F67" controlTypeID="Icon" x="781" y="96" w="22" h="22" zOrder="3">
          <icon>
            <ID/>
            <iconFontName>jdIonicons</iconFontName>
            <iconCode>62356</iconCode>
          </icon>
          <URL>F8C2434C2C958119B1E6150C97C501FA.svg</URL>
        </control>
        <control controlID="470D1739-9FC9-45B0-BFB0-2607CA702E8D" controlTypeID="TextInput" x="728" y="100" w="30" h="17" zOrder="4">
          <font family="Segoe+UI" displayName="Segoe+UI" postScript="" weightStyle="Regular" weight="400" isBold="False" isItalic="False"/>
          <text>EN</text>
          <lineSpacing>0</lineSpacing>
          <selectedIndex>-1</selectedIndex>
        </control>
        <control controlID="E5D184C3-D6AF-4BDB-8766-9DC8B672038F" controlTypeID="IconButton2" x="671" y="89" w="38" h="38" zOrder="5">
          <groupChildrenDescriptors>
            <control controlID="9D6FF660-5176-4398-A734-82BD6B2A3DD7" controlTypeID="Shape" x="0" y="0" w="38" h="38" zOrder="0">
              <canMove>False</canMove>
              <alias>shape</alias>
              <font family="Segoe+UI" displayName="Segoe+UI" postScript="" weightStyle="Regular" weight="400" isBold="False" isItalic="False"/>
              <textSize>14</textSize>
              <selectedIndex>-1</selectedIndex>
              <shapeBorderType>SbEllipse</shapeBorderType>
            </control>
            <control controlID="46666A53-8A6C-460B-BAAC-366F3DE187AF" controlTypeID="Icon" x="7" y="7" w="24" h="24" zOrder="1">
              <canMove>False</canMove>
              <alias>icon</alias>
              <icon>
                <ID/>
                <iconFontName>jdIonicons</iconFontName>
                <iconCode>61697</iconCode>
              </icon>
              <URL>ED3EFB5E9FC61A65FB9676EFF083DAFA.svg</URL>
            </control>
            <control controlID="0868BB21-4B05-4340-918D-428FA89E681F" controlTypeID="Label" x="0" y="2" w="32" h="16" zOrder="2">
              <canMove>False</canMove>
              <alias>label</alias>
              <font family="Segoe+UI" displayName="Segoe+UI" postScript="" weightStyle="Regular" weight="400" isBold="False" isItalic="False"/>
              <text>Label</text>
              <textSize>12</textSize>
              <textAlign>HaCenter</textAlign>
              <lineSpacing>0</lineSpacing>
              <selectedIndex>-1</selectedIndex>
            </control>
            <control controlID="BDECCA3A-8604-4AA9-95C9-E41C873EC646" controlTypeID="Shape" x="25" y="0" w="13" h="13" zOrder="3">
              <color>4294901760</color>
              <borderVisible>False</borderVisible>
              <canMove>False</canMove>
              <alias>alarm</alias>
              <font family="Segoe+UI" displayName="Segoe+UI" postScript="" weightStyle="Regular" weight="400" isBold="False" isItalic="False"/>
              <text>2</text>
              <textColor>4294967295</textColor>
              <textSize>8</textSize>
              <selectedIndex>-1</selectedIndex>
              <radius>100</radius>
              <radiusIsPercent>True</radiusIsPercent>
            </control>
          </groupChildrenDescriptors>
        </control>
        <control controlID="200BEC84-038F-46CA-BABD-8BD0B4B3001D" controlTypeID="__group__" x="819" y="15" w="243" h="203" zOrder="6">
          <groupChildrenDescriptors>
            <control controlID="A3002E9D-4A40-4BD0-90CD-E0D529B7073A" controlTypeID="Shape" x="0" y="0" w="243" h="203" zOrder="0">
              <font family="Segoe+UI" displayName="Segoe+UI" postScript="" weightStyle="Regular" weight="400" isBold="False" isItalic="False"/>
              <textSize>14</textSize>
              <selectedIndex>-1</selectedIndex>
            </control>
            <control controlID="AEBB019C-981C-4FED-A167-25DF3F05DD76" controlTypeID="Shape" x="1" y="1" w="242" h="41" zOrder="1">
              <font family="Segoe+UI" displayName="Segoe+UI" postScript="" weightStyle="Regular" weight="400" isBold="False" isItalic="False"/>
              <text>reset+email</text>
              <textSize>14</textSize>
              <selectedIndex>-1</selectedIndex>
            </control>
            <control controlID="AF86D8DF-BF15-412B-B7A3-00229DF850BD" controlTypeID="LabelTextInput" x="11" y="67" w="214" h="24" zOrder="2">
              <font family="Segoe+UI" displayName="Segoe+UI" postScript="" weightStyle="Regular" weight="400" isBold="False" isItalic="False"/>
              <text>old+email%2C+Matt</text>
              <textSize>14</textSize>
              <lineSpacing>0</lineSpacing>
              <selectedIndex>-1</selectedIndex>
            </control>
            <control controlID="AE7893DE-957A-4306-A84D-8AB0484593A9" controlTypeID="LabelTextInput" x="11" y="119" w="214" h="24" zOrder="3">
              <font family="Segoe+UI" displayName="Segoe+UI" postScript="" weightStyle="Regular" weight="400" isBold="False" isItalic="False"/>
              <text>new+email%2C+Matt</text>
              <textSize>14</textSize>
              <lineSpacing>0</lineSpacing>
              <selectedIndex>-1</selectedIndex>
            </control>
            <control controlID="EB8A209F-C8F2-459B-8DBE-85ADE54B0054" controlTypeID="Button" x="83" y="158" w="69" h="28" zOrder="4">
              <font family="Segoe+UI" displayName="Segoe+UI" postScript="" weightStyle="Regular" weight="400" isBold="False" isItalic="False"/>
              <text>reset</text>
              <lineSpacing>0</lineSpacing>
              <selectedIndex>-1</selectedIndex>
              <radius>4</radius>
            </control>
          </groupChildrenDescriptors>
        </control>
        <control controlID="CFFD9780-31E0-4982-B8EA-DCB1317E0630" controlTypeID="__group__" x="819" y="241" w="243" h="203" zOrder="7">
          <groupChildrenDescriptors>
            <control controlID="D1C65AFC-9019-4B02-A37C-EB34EE039D91" controlTypeID="Shape" x="0" y="0" w="243" h="203" zOrder="0">
              <font family="Segoe+UI" displayName="Segoe+UI" postScript="" weightStyle="Regular" weight="400" isBold="False" isItalic="False"/>
              <textSize>14</textSize>
              <selectedIndex>-1</selectedIndex>
            </control>
            <control controlID="55E09561-2949-4814-8833-1C3B814B8D8E" controlTypeID="Shape" x="1" y="1" w="242" h="41" zOrder="1">
              <font family="Segoe+UI" displayName="Segoe+UI" postScript="" weightStyle="Regular" weight="400" isBold="False" isItalic="False"/>
              <text>reset+password</text>
              <textSize>14</textSize>
              <selectedIndex>-1</selectedIndex>
            </control>
            <control controlID="056F9C1F-6F5C-4140-B9DD-207497302305" controlTypeID="LabelTextInput" x="11" y="67" w="214" h="24" zOrder="2">
              <font family="Segoe+UI" displayName="Segoe+UI" postScript="" weightStyle="Regular" weight="400" isBold="False" isItalic="False"/>
              <text>old+password%2C+Matt</text>
              <textSize>14</textSize>
              <lineSpacing>0</lineSpacing>
              <selectedIndex>-1</selectedIndex>
            </control>
            <control controlID="921D8134-289F-40F2-A059-BCD647F3E7B9" controlTypeID="LabelTextInput" x="11" y="119" w="214" h="24" zOrder="3">
              <font family="Segoe+UI" displayName="Segoe+UI" postScript="" weightStyle="Regular" weight="400" isBold="False" isItalic="False"/>
              <text>new+password%2C+Matt</text>
              <textSize>14</textSize>
              <lineSpacing>0</lineSpacing>
              <selectedIndex>-1</selectedIndex>
            </control>
            <control controlID="254EA15C-682F-42CF-A480-12179651EE64" controlTypeID="Button" x="83" y="158" w="69" h="28" zOrder="4">
              <font family="Segoe+UI" displayName="Segoe+UI" postScript="" weightStyle="Regular" weight="400" isBold="False" isItalic="False"/>
              <text>reset</text>
              <lineSpacing>0</lineSpacing>
              <selectedIndex>-1</selectedIndex>
              <radius>4</radius>
            </control>
          </groupChildrenDescriptors>
        </control>
        <control controlID="1AEF9480-675D-4CE9-836C-B449EE888D57" controlTypeID="List" x="824" y="465" w="237" h="233" zOrder="8">
          <font family="Segoe+UI" displayName="Segoe+UI" postScript="" weightStyle="Regular" weight="400" isBold="False" isItalic="False"/>
          <text>++++++++++++++++account+details%0D%0Ausername%0D%0Aaccount+type%0D%0Aemail+address%0D%0Acountry%0D%0Asex%0D%0Aaddress%0D%0Aregion%0D%0Aage</text>
          <textSize>14</textSize>
          <lineSpacing>0</lineSpacing>
        </control>
        <control controlID="C6CB5D0F-4C93-4A2F-B57F-BD2E3EFD3692" controlTypeID="__group__" x="31" y="890" w="251" h="259" zOrder="9">
          <groupChildrenDescriptors>
            <control controlID="9F7D2F73-EEBE-439A-8C9E-88A319D12C4E" controlTypeID="Shape" x="0" y="0" w="251" h="34" zOrder="0">
              <font family="Segoe+UI" displayName="Segoe+UI" postScript="" weightStyle="Regular" weight="400" isBold="False" isItalic="False"/>
              <text>upgrade+account</text>
              <textSize>14</textSize>
              <selectedIndex>-1</selectedIndex>
            </control>
            <control controlID="BBA359D1-F19B-4D72-9FDD-E3109D0E42B0" controlTypeID="Shape" x="0" y="85" w="251" h="67" zOrder="1">
              <interactiveData>
                <entry title="">
                  <area shape="0" alt="" ID="{D163229A-DFF1-4B85-912D-55642F954ABF}" coords="(0,0,251,67)"/>
                  <events title="">
                    <event eventType="atClick" isChecked="True">
                      <behaviour title="" isChecked="True" isWait="False" isLoop="False" execMode="emParallel">
                        <target targetID="3D20387F-1059-4BCB-977B-55E23322C383" isChecked="True" isAutoRecovery="False" isLoop="False" execMode="emSequence">
                          <command name="Change Visibility" isChecked="True" descrition="">
                            <param name="AniInterpolation" value="1" varType="3" description=""/>
                            <param name="AniDuration" value="200" varType="3" description=""/>
                            <param name="AniAutoReverse" value="False" varType="11" description=""/>
                            <param name="AniLoop" value="False" varType="11" description=""/>
                            <param name="AniInterpolationTypeOut" value="False" varType="11" description=""/>
                            <param name="Delay" value="0" varType="3" description=""/>
                            <param name="ValueFromCurrent" value="True" varType="11" description=""/>
                            <param name="ForceFromInitValue" value="False" varType="11" description=""/>
                            <param name="ForceSetVisible" value="False" varType="11" description=""/>
                            <param name="Value" value="2" varType="3" description=""/>
                            <param name="TerminateLoopByClick" value="True" varType="11" description=""/>
                          </command>
                        </target>
                      </behaviour>
                    </event>
                  </events>
                </entry>
              </interactiveData>
              <font family="Segoe+UI" displayName="Segoe+UI" postScript="" weightStyle="Regular" weight="400" isBold="False" isItalic="False"/>
              <text>subscribe+to+a+network</text>
              <textSize>14</textSize>
              <selectedIndex>-1</selectedIndex>
            </control>
            <control controlID="8DC00DFB-36D1-4967-BAF3-64AD8E5A707E" controlTypeID="Shape" x="0" y="151" w="251" h="58" zOrder="2">
              <links eventType="AtClick" animate="AmNone" animateAutoDelay="0" animateDuration="500">
                <link targetPageID="9F6B1DCF-CE02-44EC-AEBD-C7FD3FEAADDF" linkType="ltPageLink" isApplyIncludePage="False" title="My+Page+-+Network">
                  <area shape="0" alt="" ID="{AFE91135-2C7D-4AB6-A09E-EAD062EBAB3C}" coords="(0,0,251,58)"/>
                </link>
              </links>
              <font family="Segoe+UI" displayName="Segoe+UI" postScript="" weightStyle="Regular" weight="400" isBold="False" isItalic="False"/>
              <text>++++unsubscribe+from+a+network</text>
              <textSize>14</textSize>
              <selectedIndex>-1</selectedIndex>
            </control>
            <control controlID="96BEBC7A-7647-40DE-86CA-22F101283D7A" controlTypeID="Shape" x="0" y="208" w="251" h="51" zOrder="3">
              <links eventType="AtClick" animate="AmNone" animateAutoDelay="0" animateDuration="500">
                <link targetPageID="EFB6BA77-C86B-41E8-934D-CB483FB36F38" linkType="ltPageLink" isApplyIncludePage="False" title="Sign+Up">
                  <area shape="0" alt="" ID="{9EBBB069-328D-49D9-BFD7-309454931391}" coords="(0,0,251,51)"/>
                </link>
              </links>
              <font family="Segoe+UI" displayName="Segoe+UI" postScript="" weightStyle="Regular" weight="400" isBold="False" isItalic="False"/>
              <text>+++++++++++++++sign+up</text>
              <textSize>14</textSize>
              <textAlign>HaLeft</textAlign>
              <selectedIndex>-1</selectedIndex>
            </control>
            <control controlID="C27E77F8-D8E0-40D8-9A94-00FA1F5B29BB" controlTypeID="IconButton2" x="7" y="102" w="38" h="38" zOrder="4">
              <groupChildrenDescriptors>
                <control controlID="758ED011-8501-454A-BAF5-2B33B2F16339" controlTypeID="Shape" x="0" y="0" w="38" h="38" zOrder="0">
                  <canMove>False</canMove>
                  <alias>shape</alias>
                  <font family="Segoe+UI" displayName="Segoe+UI" postScript="" weightStyle="Regular" weight="400" isBold="False" isItalic="False"/>
                  <textSize>14</textSize>
                  <selectedIndex>-1</selectedIndex>
                  <shapeBorderType>SbEllipse</shapeBorderType>
                </control>
                <control controlID="3BE82241-4005-41AC-985C-917C91906469" controlTypeID="Icon" x="7" y="7" w="24" h="24" zOrder="1">
                  <canMove>False</canMove>
                  <alias>icon</alias>
                  <icon>
                    <ID/>
                    <iconFontName>jdIonicons</iconFontName>
                    <iconCode>62309</iconCode>
                  </icon>
                  <URL>B3A6945EE3EC14A6D5961C700B98A2BC.svg</URL>
                </control>
                <control controlID="6AA62EE0-26FD-4BED-8F07-22E21A745450" controlTypeID="Label" x="0" y="2" w="32" h="16" zOrder="2">
                  <canMove>False</canMove>
                  <alias>label</alias>
                  <font family="Segoe+UI" displayName="Segoe+UI" postScript="" weightStyle="Regular" weight="400" isBold="False" isItalic="False"/>
                  <text>Label</text>
                  <textSize>12</textSize>
                  <textAlign>HaCenter</textAlign>
                  <lineSpacing>0</lineSpacing>
                  <selectedIndex>-1</selectedIndex>
                </control>
                <control controlID="BCDB5C2E-D906-4EA5-81C6-64F7FCF38F20" controlTypeID="Shape" x="25" y="0" w="13" h="13" zOrder="3">
                  <color>4294901760</color>
                  <borderVisible>False</borderVisible>
                  <canMove>False</canMove>
                  <alias>alarm</alias>
                  <font family="Segoe+UI" displayName="Segoe+UI" postScript="" weightStyle="Regular" weight="400" isBold="False" isItalic="False"/>
                  <text>2</text>
                  <textColor>4294967295</textColor>
                  <textSize>8</textSize>
                  <selectedIndex>-1</selectedIndex>
                  <radius>100</radius>
                  <radiusIsPercent>True</radiusIsPercent>
                </control>
              </groupChildrenDescriptors>
            </control>
            <control controlID="47A687E8-7F8F-481D-8111-21FE852E78B6" controlTypeID="IconButton2" x="7" y="161" w="38" h="38" zOrder="5">
              <groupChildrenDescriptors>
                <control controlID="A93E29DD-2826-4318-B24D-394D76E15564" controlTypeID="Shape" x="0" y="0" w="38" h="38" zOrder="0">
                  <canMove>False</canMove>
                  <alias>shape</alias>
                  <font family="Segoe+UI" displayName="Segoe+UI" postScript="" weightStyle="Regular" weight="400" isBold="False" isItalic="False"/>
                  <textSize>14</textSize>
                  <selectedIndex>-1</selectedIndex>
                  <shapeBorderType>SbEllipse</shapeBorderType>
                </control>
                <control controlID="BD6435D3-EEED-4B32-AF6C-B6EA27B969E2" controlTypeID="Icon" x="7" y="7" w="24" h="24" zOrder="1">
                  <canMove>False</canMove>
                  <alias>icon</alias>
                  <icon>
                    <ID/>
                    <iconFontName>jdIonicons</iconFontName>
                    <iconCode>62303</iconCode>
                  </icon>
                  <URL>C2DA32AD73BD4A46DCAE15462637BA6C.svg</URL>
                </control>
                <control controlID="30E50B99-D663-4F3B-ABA5-106401B0180F" controlTypeID="Label" x="0" y="2" w="32" h="16" zOrder="2">
                  <canMove>False</canMove>
                  <alias>label</alias>
                  <font family="Segoe+UI" displayName="Segoe+UI" postScript="" weightStyle="Regular" weight="400" isBold="False" isItalic="False"/>
                  <text>Label</text>
                  <textSize>12</textSize>
                  <textAlign>HaCenter</textAlign>
                  <lineSpacing>0</lineSpacing>
                  <selectedIndex>-1</selectedIndex>
                </control>
                <control controlID="9300814C-C24B-4627-8011-3AD1835106E9" controlTypeID="Shape" x="25" y="0" w="13" h="13" zOrder="3">
                  <color>4294901760</color>
                  <borderVisible>False</borderVisible>
                  <canMove>False</canMove>
                  <alias>alarm</alias>
                  <font family="Segoe+UI" displayName="Segoe+UI" postScript="" weightStyle="Regular" weight="400" isBold="False" isItalic="False"/>
                  <text>2</text>
                  <textColor>4294967295</textColor>
                  <textSize>8</textSize>
                  <selectedIndex>-1</selectedIndex>
                  <radius>100</radius>
                  <radiusIsPercent>True</radiusIsPercent>
                </control>
              </groupChildrenDescriptors>
            </control>
            <control controlID="D5B1FFD8-78D5-41C9-98D7-D60FBD7AB52A" controlTypeID="IconButton2" x="9" y="214" w="38" h="38" zOrder="6">
              <groupChildrenDescriptors>
                <control controlID="BA341274-788B-44B6-B1B3-A3A9F7BCF8E5" controlTypeID="Shape" x="0" y="0" w="38" h="38" zOrder="0">
                  <canMove>False</canMove>
                  <alias>shape</alias>
                  <font family="Segoe+UI" displayName="Segoe+UI" postScript="" weightStyle="Regular" weight="400" isBold="False" isItalic="False"/>
                  <textSize>14</textSize>
                  <selectedIndex>-1</selectedIndex>
                  <shapeBorderType>SbEllipse</shapeBorderType>
                </control>
                <control controlID="D157BDDD-84E1-4FC3-ABB9-210196802B0A" controlTypeID="Icon" x="7" y="7" w="24" h="24" zOrder="1">
                  <canMove>False</canMove>
                  <alias>icon</alias>
                  <icon>
                    <ID/>
                    <iconFontName>jdIonicons</iconFontName>
                    <iconCode>62309</iconCode>
                  </icon>
                  <URL>B3A6945EE3EC14A6D5961C700B98A2BC.svg</URL>
                </control>
                <control controlID="B68DBC80-B4A0-431F-BE5A-787D1E78C125" controlTypeID="Label" x="0" y="2" w="32" h="16" zOrder="2">
                  <canMove>False</canMove>
                  <alias>label</alias>
                  <font family="Segoe+UI" displayName="Segoe+UI" postScript="" weightStyle="Regular" weight="400" isBold="False" isItalic="False"/>
                  <text>Label</text>
                  <textSize>12</textSize>
                  <textAlign>HaCenter</textAlign>
                  <lineSpacing>0</lineSpacing>
                  <selectedIndex>-1</selectedIndex>
                </control>
                <control controlID="6E0C57CF-064E-4ABA-AD6D-3FC3C1DB76A7" controlTypeID="Shape" x="25" y="0" w="13" h="13" zOrder="3">
                  <color>4294901760</color>
                  <borderVisible>False</borderVisible>
                  <canMove>False</canMove>
                  <alias>alarm</alias>
                  <font family="Segoe+UI" displayName="Segoe+UI" postScript="" weightStyle="Regular" weight="400" isBold="False" isItalic="False"/>
                  <text>2</text>
                  <textColor>4294967295</textColor>
                  <textSize>8</textSize>
                  <selectedIndex>-1</selectedIndex>
                  <radius>100</radius>
                  <radiusIsPercent>True</radiusIsPercent>
                </control>
              </groupChildrenDescriptors>
            </control>
            <control controlID="BDE58DB0-E5BE-47D1-8A6E-D1A9F3E53EC0" controlTypeID="Shape" x="0" y="33" w="251" h="53" zOrder="7">
              <interactiveData>
                <entry title="">
                  <area shape="0" alt="" ID="{D163229A-DFF1-4B85-912D-55642F954ABF}" coords="(0,0,251,53)"/>
                  <events title="">
                    <event eventType="atClick" isChecked="True">
                      <behaviour title="" isChecked="True" isWait="False" isLoop="False" execMode="emParallel">
                        <target targetID="3D20387F-1059-4BCB-977B-55E23322C383" isChecked="True" isAutoRecovery="False" isLoop="False" execMode="emSequence">
                          <command name="Change Visibility" isChecked="True" descrition="">
                            <param name="AniInterpolation" value="1" varType="3" description=""/>
                            <param name="AniDuration" value="200" varType="3" description=""/>
                            <param name="AniAutoReverse" value="False" varType="11" description=""/>
                            <param name="AniLoop" value="False" varType="11" description=""/>
                            <param name="AniInterpolationTypeOut" value="False" varType="11" description=""/>
                            <param name="Delay" value="0" varType="3" description=""/>
                            <param name="ValueFromCurrent" value="True" varType="11" description=""/>
                            <param name="ForceFromInitValue" value="False" varType="11" description=""/>
                            <param name="ForceSetVisible" value="False" varType="11" description=""/>
                            <param name="Value" value="2" varType="3" description=""/>
                            <param name="TerminateLoopByClick" value="True" varType="11" description=""/>
                          </command>
                        </target>
                      </behaviour>
                    </event>
                  </events>
                </entry>
              </interactiveData>
              <font family="Segoe+UI" displayName="Segoe+UI" postScript="" weightStyle="Regular" weight="400" isBold="False" isItalic="False"/>
              <text>Premium+account</text>
              <textSize>14</textSize>
              <selectedIndex>-1</selectedIndex>
            </control>
            <control controlID="9E3251C3-B2FE-4CD9-9C40-26EC11A37699" controlTypeID="IconButton2" x="8" y="38" w="38" h="38" zOrder="8">
              <groupChildrenDescriptors>
                <control controlID="B606A0F4-F527-4BB4-95A8-59CF7E3D5C18" controlTypeID="Shape" x="0" y="0" w="38" h="38" zOrder="0">
                  <canMove>False</canMove>
                  <alias>shape</alias>
                  <font family="Segoe+UI" displayName="Segoe+UI" postScript="" weightStyle="Regular" weight="400" isBold="False" isItalic="False"/>
                  <textSize>14</textSize>
                  <shapeBorderType>SbEllipse</shapeBorderType>
                </control>
                <control controlID="D343F34B-61B9-42D6-B14A-A6E60ABF9A1A" controlTypeID="Icon" x="7" y="7" w="24" h="24" zOrder="1">
                  <canMove>False</canMove>
                  <alias>icon</alias>
                  <icon>
                    <ID/>
                    <iconFontName>jdIonicons</iconFontName>
                    <iconCode>62309</iconCode>
                  </icon>
                  <URL>B3A6945EE3EC14A6D5961C700B98A2BC.svg</URL>
                </control>
                <control controlID="3AEBC62F-7E0E-4C09-B154-E0927F78E551" controlTypeID="Label" x="0" y="2" w="32" h="16" zOrder="2">
                  <canMove>False</canMove>
                  <alias>label</alias>
                  <font family="Segoe+UI" displayName="Segoe+UI" postScript="" weightStyle="Regular" weight="400" isBold="False" isItalic="False"/>
                  <text>Label</text>
                  <textSize>12</textSize>
                  <textAlign>HaCenter</textAlign>
                  <lineSpacing>0</lineSpacing>
                </control>
                <control controlID="01EDF0AA-B8D1-446D-933B-ED32433523E2" controlTypeID="Shape" x="25" y="0" w="13" h="13" zOrder="3">
                  <color>4294901760</color>
                  <borderVisible>False</borderVisible>
                  <canMove>False</canMove>
                  <alias>alarm</alias>
                  <font family="Segoe+UI" displayName="Segoe+UI" postScript="" weightStyle="Regular" weight="400" isBold="False" isItalic="False"/>
                  <text>2</text>
                  <textColor>4294967295</textColor>
                  <textSize>8</textSize>
                  <radius>100</radius>
                  <radiusIsPercent>True</radiusIsPercent>
                </control>
              </groupChildrenDescriptors>
            </control>
          </groupChildrenDescriptors>
        </control>
      </groupChildrenDescriptors>
    </control>
    <control controlID="9985D929-0843-4E10-9244-2A0851B58013" controlTypeID="VerticalTabBar" x="35" y="156" w="812" h="624" zOrder="3">
      <links eventType="AtClick" animate="AmNone" animateAutoDelay="0" animateDuration="500">
        <link targetPageID="FA499CA4-330D-4DBE-84D7-5FB041A3AFA5" linkType="ltPageLink" isApplyIncludePage="False" title="notifications">
          <area shape="0" alt="" ID="{3A87EA3D-4B59-4BD7-BD6B-CC42D333FE93}" coords="(0,0,91,25)"/>
        </link>
        <link targetPageID="F3014A0C-4BBB-45EE-8295-347CD65D5715" linkType="ltPageLink" isApplyIncludePage="False" title="+about+us">
          <area shape="0" alt="" ID="{F93381F6-9A12-4DE5-9C1B-B9833B17A361}" coords="(0,24,91,49)"/>
        </link>
        <link targetPageID="D8D2A0DF-E082-4DF9-8E31-CDC671B65327" linkType="ltPageLink" isApplyIncludePage="False" title="+my+account">
          <area shape="0" alt="" ID="{9E2F9085-704E-47F9-8AB7-F80CED55A834}" coords="(0,48,91,73)"/>
        </link>
        <link targetPageID="CC675418-A0DF-41C0-AFB0-2566B8FEEA40" linkType="ltPageLink" isApplyIncludePage="False" title="+storage">
          <area shape="0" alt="" ID="{9BEF42E4-2275-46A3-AA44-E7F591663367}" coords="(0,72,91,97)"/>
        </link>
      </links>
      <font family="Segoe+UI" displayName="Segoe+UI" postScript="" weightStyle="Regular" weight="400" isBold="False" isItalic="False"/>
      <text>notifications%2C+about+us%2C+my+account%2C+storage</text>
      <textSize>14</textSize>
      <lineSpacing>0</lineSpacing>
    </control>
    <control controlID="D96CF90B-8111-4B34-8512-57161383EABF" controlTypeID="TextArea" x="125" y="255" w="721" h="123" zOrder="4">
      <borderVisible>True</borderVisible>
      <font family="Segoe+UI" displayName="Segoe+UI" postScript="" weightStyle="Regular" weight="400" isBold="False" isItalic="False"/>
      <selectedIndex>-1</selectedIndex>
    </control>
    <control controlID="CFB662BA-6AAF-4230-8D6F-E9A8ABB0E2A3" controlTypeID="Circle" x="141" y="267" w="95" h="98" zOrder="5">
      <font family="Segoe+UI" displayName="Segoe+UI" postScript="" weightStyle="Regular" weight="400" isBold="False" isItalic="False"/>
      <textSize>14</textSize>
      <selectedIndex>-1</selectedIndex>
      <shapeBorderType>SbEllipse</shapeBorderType>
    </control>
    <control controlID="53D56CD6-23F5-48D4-AE9A-72A8D036DD88" controlTypeID="Image" x="160" y="289" w="59" h="56" zOrder="6"/>
    <control controlID="49EFDACF-608F-451D-91CB-60B53B1214F1" controlTypeID="TextInput" x="247" y="287" w="122" h="27" zOrder="7">
      <borderVisible>False</borderVisible>
      <font family="Segoe+UI" displayName="Segoe+UI" postScript="" weightStyle="Regular" weight="400" isBold="False" isItalic="False"/>
      <text>user+name</text>
      <lineSpacing>0</lineSpacing>
      <selectedIndex>-1</selectedIndex>
    </control>
    <control controlID="26C40BE5-3770-4610-80A8-D266E38D5C7C" controlTypeID="TextInput" x="247" y="312" w="122" h="27" zOrder="8">
      <borderVisible>False</borderVisible>
      <font family="Segoe+UI" displayName="Segoe+UI" postScript="" weightStyle="Regular" weight="400" isBold="False" isItalic="False"/>
      <text>account+type</text>
      <lineSpacing>0</lineSpacing>
      <selectedIndex>-1</selectedIndex>
    </control>
    <control controlID="D3B97965-21D2-4121-92F0-EE3C2A15260F" controlTypeID="SwitchIOS" x="773" y="268" w="65" h="31" zOrder="9"/>
    <control controlID="7B0ADC1A-9DD1-44D7-BE1C-A66CDA6389D0" controlTypeID="Shape" x="127" y="155" w="719" h="100" zOrder="10">
      <font family="Segoe+UI" displayName="Segoe+UI" postScript="" weightStyle="Regular" weight="400" isBold="False" isItalic="False"/>
      <text>MY+ACCOUNT</text>
      <textSize>14</textSize>
      <selectedIndex>-1</selectedIndex>
    </control>
    <control controlID="9F39616F-8BAB-405E-8AEE-16C0CB8D9E15" controlTypeID="Shape" x="125" y="377" w="721" h="82" zOrder="11">
      <interactiveData>
        <entry title="">
          <area shape="0" alt="" ID="{2C3EED6E-43B5-410B-906C-5AD915757C53}" coords="(0,0,721,82)"/>
          <events title="">
            <event eventType="atClick" isChecked="True">
              <behaviour title="" isChecked="True" isWait="False" isLoop="False" execMode="emParallel">
                <target targetID="200BEC84-038F-46CA-BABD-8BD0B4B3001D" isChecked="True" isAutoRecovery="False" isLoop="False" execMode="emSequence">
                  <command name="Change Visibility" isChecked="True" descrition="">
                    <param name="AniInterpolation" value="1" varType="3" description=""/>
                    <param name="AniDuration" value="200" varType="3" description=""/>
                    <param name="AniAutoReverse" value="False" varType="11" description=""/>
                    <param name="AniLoop" value="False" varType="11" description=""/>
                    <param name="AniInterpolationTypeOut" value="False" varType="11" description=""/>
                    <param name="Delay" value="0" varType="3" description=""/>
                    <param name="ValueFromCurrent" value="True" varType="11" description=""/>
                    <param name="ForceFromInitValue" value="False" varType="11" description=""/>
                    <param name="ForceSetVisible" value="False" varType="11" description=""/>
                    <param name="Value" value="2" varType="3" description=""/>
                    <param name="TerminateLoopByClick" value="True" varType="11" description=""/>
                  </command>
                </target>
              </behaviour>
            </event>
          </events>
        </entry>
      </interactiveData>
      <font family="Segoe+UI" displayName="Segoe+UI" postScript="" weightStyle="Regular" weight="400" isBold="False" isItalic="False"/>
      <text>RESET+EMAIL</text>
      <textSize>14</textSize>
      <textAlign>HaLeft</textAlign>
      <selectedIndex>-1</selectedIndex>
    </control>
    <control controlID="36904DFA-5D8C-4838-9B29-AFFE1DF1723D" controlTypeID="Shape" x="125" y="458" w="721" h="82" zOrder="12">
      <interactiveData>
        <entry title="">
          <area shape="0" alt="" ID="{C1E57A2B-B126-44DE-9C1C-95F4EE924F70}" coords="(0,0,721,82)"/>
          <events title="">
            <event eventType="atClick" isChecked="True">
              <behaviour title="" isChecked="True" isWait="False" isLoop="False" execMode="emParallel">
                <target targetID="CFFD9780-31E0-4982-B8EA-DCB1317E0630" isChecked="True" isAutoRecovery="False" isLoop="False" execMode="emSequence">
                  <command name="Change Visibility" isChecked="True" descrition="">
                    <param name="AniInterpolation" value="1" varType="3" description=""/>
                    <param name="AniDuration" value="200" varType="3" description=""/>
                    <param name="AniAutoReverse" value="False" varType="11" description=""/>
                    <param name="AniLoop" value="False" varType="11" description=""/>
                    <param name="AniInterpolationTypeOut" value="False" varType="11" description=""/>
                    <param name="Delay" value="0" varType="3" description=""/>
                    <param name="ValueFromCurrent" value="True" varType="11" description=""/>
                    <param name="ForceFromInitValue" value="False" varType="11" description=""/>
                    <param name="ForceSetVisible" value="False" varType="11" description=""/>
                    <param name="Value" value="2" varType="3" description=""/>
                    <param name="TerminateLoopByClick" value="True" varType="11" description=""/>
                  </command>
                </target>
              </behaviour>
            </event>
          </events>
        </entry>
      </interactiveData>
      <font family="Segoe+UI" displayName="Segoe+UI" postScript="" weightStyle="Regular" weight="400" isBold="False" isItalic="False"/>
      <text>RESET+PASSWORD</text>
      <textSize>14</textSize>
      <textAlign>HaLeft</textAlign>
      <selectedIndex>-1</selectedIndex>
    </control>
    <control controlID="780D739F-88C8-4811-B4C1-5BE238CFDBBF" controlTypeID="Shape" x="125" y="540" w="721" h="82" zOrder="13">
      <interactiveData>
        <entry title="">
          <area shape="0" alt="" ID="{34E81DD2-B9B3-405E-ACAF-D96387518D96}" coords="(0,0,721,82)"/>
          <events title="">
            <event eventType="atClick" isChecked="True">
              <behaviour title="" isChecked="True" isWait="False" isLoop="False" execMode="emParallel">
                <target targetID="1AEF9480-675D-4CE9-836C-B449EE888D57" isChecked="True" isAutoRecovery="False" isLoop="False" execMode="emSequence">
                  <command name="Change Visibility" isChecked="True" descrition="">
                    <param name="AniInterpolation" value="1" varType="3" description=""/>
                    <param name="AniDuration" value="200" varType="3" description=""/>
                    <param name="AniAutoReverse" value="False" varType="11" description=""/>
                    <param name="AniLoop" value="False" varType="11" description=""/>
                    <param name="AniInterpolationTypeOut" value="False" varType="11" description=""/>
                    <param name="Delay" value="0" varType="3" description=""/>
                    <param name="ValueFromCurrent" value="True" varType="11" description=""/>
                    <param name="ForceFromInitValue" value="False" varType="11" description=""/>
                    <param name="ForceSetVisible" value="False" varType="11" description=""/>
                    <param name="Value" value="2" varType="3" description=""/>
                    <param name="TerminateLoopByClick" value="True" varType="11" description=""/>
                  </command>
                </target>
              </behaviour>
            </event>
          </events>
        </entry>
      </interactiveData>
      <font family="Segoe+UI" displayName="Segoe+UI" postScript="" weightStyle="Regular" weight="400" isBold="False" isItalic="False"/>
      <text>ACCOUNT+DETAILS</text>
      <textSize>14</textSize>
      <textAlign>HaLeft</textAlign>
      <selectedIndex>-1</selectedIndex>
    </control>
    <control controlID="655FD4B8-A5C9-404F-BE72-504C31CFEF5D" controlTypeID="Shape" x="125" y="622" w="721" h="78" zOrder="14">
      <font family="Segoe+UI" displayName="Segoe+UI" postScript="" weightStyle="Regular" weight="400" isBold="False" isItalic="False"/>
      <text>UPGRADE+ACCOUNT</text>
      <textSize>14</textSize>
      <textAlign>HaLeft</textAlign>
      <selectedIndex>-1</selectedIndex>
    </control>
    <control controlID="AD6F59E3-A977-4651-BACF-BA2F4B042504" controlTypeID="Shape" x="125" y="699" w="721" h="80" zOrder="15">
      <interactiveData>
        <entry title="">
          <area shape="0" alt="" ID="{7369BFA9-E037-4B17-9A5C-0D2B47E4DE6C}" coords="(0,0,721,80)"/>
          <events title="">
            <event eventType="atClick" isChecked="True">
              <behaviour title="" isChecked="True" isWait="False" isLoop="False" execMode="emParallel">
                <target targetID="248A8ABC-6046-48E4-BFF7-C0CFCDCEAF6F" isChecked="True" isAutoRecovery="False" isLoop="False" execMode="emSequence">
                  <command name="Change Visibility" isChecked="True" descrition="">
                    <param name="AniInterpolation" value="1" varType="3" description=""/>
                    <param name="AniDuration" value="200" varType="3" description=""/>
                    <param name="AniAutoReverse" value="False" varType="11" description=""/>
                    <param name="AniLoop" value="False" varType="11" description=""/>
                    <param name="AniInterpolationTypeOut" value="False" varType="11" description=""/>
                    <param name="Delay" value="0" varType="3" description=""/>
                    <param name="ValueFromCurrent" value="True" varType="11" description=""/>
                    <param name="ForceFromInitValue" value="False" varType="11" description=""/>
                    <param name="ForceSetVisible" value="False" varType="11" description=""/>
                    <param name="Value" value="2" varType="3" description=""/>
                    <param name="TerminateLoopByClick" value="True" varType="11" description=""/>
                  </command>
                </target>
              </behaviour>
            </event>
          </events>
        </entry>
      </interactiveData>
      <font family="Segoe+UI" displayName="Segoe+UI" postScript="" weightStyle="Regular" weight="400" isBold="False" isItalic="False"/>
      <text>DELETE+ACCOUNT</text>
      <textSize>14</textSize>
      <textAlign>HaLeft</textAlign>
      <selectedIndex>-1</selectedIndex>
    </control>
  </controls>
  <param>
    <backgroundColor>4294967295</backgroundColor>
    <fontSize>0</fontSize>
    <fontFamily/>
    <guideLines/>
  </param>
</mockup>